typeId,author,ave_neighbor,top1,top1-5,top6-10,top2-5,top10-50,top>50,degree,top1.1,top1-5.1,top6-10.1,top2-5.1,top10-50.1,top>50.1,closeness,top1.2,top1-5.2,top6-10.2,top2-5.2,top10-50.2,top>50.2,betweenness,top1.3,top1-5.3,top6-10.3,top2-5.3,top10-50.3,top>50.3,ei_numpy,top1.4,top1-5.4,top6-10.4,top2-5.4,top10-50.4,top>50.4,katz,top1.5,top1-5.5,top6-10.5,top2-5.5,top10-50.5,top>50.5,cluster,top1.6,top1-5.6,top6-10.6,top2-5.6,top10-50.6,top>50.6,commu,top1.7,top1-5.7,top6-10.7,top2-5.7,top10-50.7,top>50.7,pagerank_numpy,top1.8,top1-5.8,top6-10.8,top2-5.8,top10-50.8,top>50.8,h2,top1.9,top1-5.9,top6-10.9,top2-5.9,top10-50.9,top>50.9,a2,top1.10,top1-5.10,top6-10.10,top2-5.10,top10-50.10,top>50.10,closeness_vitality,top1.11,top1-5.11,top6-10.11,top2-5.11,top10-50.11,top>50.11,density,periphery,avershortest,average_node_connectivity,trans,degree_assortativity,number_nodes,number_edges,number_clique,diameter
0,1,75.0,0,1,0,1,0,0,9.064513202,0,0,0,0,0,1,70.31578947,0,0,0,0,1,0,0.0,0,0,0,0,0,1,6.279152278,0,0,0,0,1,0,12.37617806,0,0,0,0,0,1,100.0,1,1,0,0,0,0,2.5616443859999998,0,0,0,0,1,0,8.308618277999999,0,0,0,0,0,1,6.279152278,0,0,0,0,1,0,6.279152278,0,0,0,0,1,0,20.01853568,0,0,0,0,0,1,0.02437913,0.123809524,3.1332912189999997,1.305217589,0.243837754,-0.12626265,0.30708661417322836,0.20588235294117646,0.13630041724617525,0.33029612756264237
0,2,24.35064935,0,0,0,0,0,1,24.75274476,0,0,0,0,1,0,70.61310782,0,0,0,0,1,0,14.10514752,0,0,1,0,0,0,2.153150911,0,0,0,0,0,1,23.95692262,0,0,0,0,1,0,32.72727273,0,0,0,0,1,0,3.32418119,0,0,0,0,1,0,23.36086955,0,0,0,0,1,0,2.153150911,0,0,0,0,0,1,2.153150911,0,0,0,0,0,1,15.08972955,0,0,0,0,0,1,0.02437913,0.123809524,3.1332912189999997,1.305217589,0.243837754,-0.12626265,0.30708661417322836,0.20588235294117646,0.13630041724617525,0.33029612756264237
0,3,27.38095238,0,0,0,0,0,1,9.191543417,0,0,0,0,0,1,56.99658703,0,0,0,0,0,1,0.0,0,0,0,0,0,1,1.979937557,0,0,0,0,0,1,9.909183611,0,0,0,0,0,1,100.0,1,1,0,0,0,0,0.61663943,0,0,0,0,0,1,8.298813636,0,0,0,0,0,1,1.979937557,0,0,0,0,0,1,1.979937557,0,0,0,0,0,1,20.95374505,0,0,0,0,1,0,0.02437913,0.123809524,3.1332912189999997,1.305217589,0.243837754,-0.12626265,0.30708661417322836,0.20588235294117646,0.13630041724617525,0.33029612756264237
0,4,0.0,0,0,0,0,0,1,0.0,0,0,0,0,0,1,0.0,0,0,0,0,0,1,0.0,0,0,0,0,0,1,2.61e-14,0,0,0,0,0,1,0.0,0,0,0,0,0,1,0.0,0,0,0,0,1,0,0.0,0,0,0,0,0,1,0.0,0,0,0,0,0,1,4.08e-16,0,0,0,0,0,1,4.08e-16,0,0,0,0,0,1,16.01651361,0,0,0,0,0,1,0.02437913,0.123809524,3.1332912189999997,1.305217589,0.243837754,-0.12626265,0.30708661417322836,0.20588235294117646,0.13630041724617525,0.33029612756264237
0,5,15.17857143,0,0,0,0,0,1,17.031122399999997,0,0,0,0,0,1,55.38971808,0,0,0,0,0,1,0.0,0,0,0,0,0,1,1.2938702659999999,0,0,0,0,0,1,16.59939988,0,0,0,0,0,1,100.0,1,1,0,0,0,0,0.185326386,0,0,0,0,0,1,15.71534569,0,0,0,0,0,1,1.2938702659999999,0,0,0,0,0,1,1.2938702659999999,0,0,0,0,0,1,21.09697531,0,0,0,0,1,0,0.02437913,0.123809524,3.1332912189999997,1.305217589,0.243837754,-0.12626265,0.30708661417322836,0.20588235294117646,0.13630041724617525,0.33029612756264237
0,6,60.71428571,0,0,0,0,1,0,10.15334362,0,0,0,0,0,1,64.60348162,0,0,0,0,1,0,0.0,0,0,0,0,0,1,2.47390438,0,0,0,0,0,1,10.05025125,0,0,0,0,0,1,100.0,1,1,0,0,0,0,0.758940108,0,0,0,0,0,1,12.21591495,0,0,0,0,0,1,2.47390438,0,0,0,0,0,1,2.47390438,0,0,0,0,0,1,20.37239869,0,0,0,0,0,1,0.02437913,0.123809524,3.1332912189999997,1.305217589,0.243837754,-0.12626265,0.30708661417322836,0.20588235294117646,0.13630041724617525,0.33029612756264237
0,7,8.928571429,0,0,0,0,0,1,18.28327738,0,0,0,0,1,0,6.214909077000001,0,0,0,0,0,1,0.006203093000000001,0,0,0,0,0,1,2.51e-14,0,0,0,0,0,1,16.19197178,0,0,0,0,0,1,66.66666667,0,0,1,0,0,0,0.007318392,0,0,0,0,0,1,24.10748654,0,0,0,0,1,0,0.0,0,0,0,0,0,1,0.0,0,0,0,0,0,1,16.17659449,0,0,0,0,0,1,0.02437913,0.123809524,3.1332912189999997,1.305217589,0.243837754,-0.12626265,0.30708661417322836,0.20588235294117646,0.13630041724617525,0.33029612756264237
0,8,12.05357143,0,0,0,0,0,1,16.86779784,0,0,0,0,0,1,53.44,0,0,0,0,0,1,0.0,0,0,0,0,0,1,0.7249171670000001,0,0,0,0,0,1,16.123203,0,0,0,0,0,1,100.0,1,1,0,0,0,0,0.080548179,0,0,0,0,0,1,15.52758592,0,0,0,0,0,1,0.7249171670000001,0,0,0,0,0,1,0.7249171670000001,0,0,0,0,0,1,21.28233213,0,0,0,0,1,0,0.02437913,0.123809524,3.1332912189999997,1.305217589,0.243837754,-0.12626265,0.30708661417322836,0.20588235294117646,0.13630041724617525,0.33029612756264237
0,9,8.928571429,0,0,0,0,0,1,12.42174031,0,0,0,0,0,1,42.60204082,0,0,0,0,0,1,0.0,0,0,0,0,0,1,0.066247757,0,0,0,0,0,1,11.28567139,0,0,0,0,0,1,100.0,1,1,0,0,0,0,0.004969555,0,0,0,0,0,1,14.43448167,0,0,0,0,0,1,0.066247757,0,0,0,0,0,1,0.066247757,0,0,0,0,0,1,22.62195636,0,0,0,0,1,0,0.02437913,0.123809524,3.1332912189999997,1.305217589,0.243837754,-0.12626265,0.30708661417322836,0.20588235294117646,0.13630041724617525,0.33029612756264237
0,10,8.035714286000001,0,0,0,0,0,1,17.48480174,0,0,0,0,0,1,45.44217687,0,0,0,0,0,1,0.0,0,0,0,0,0,1,0.503991723,0,0,0,0,0,1,16.3146074,0,0,0,0,0,1,100.0,1,1,0,0,0,0,0.021275977,0,0,0,0,0,1,17.56759324,0,0,0,0,1,0,0.503991723,0,0,0,0,0,1,0.503991723,0,0,0,0,0,1,22.20911619,0,0,0,0,1,0,0.02437913,0.123809524,3.1332912189999997,1.305217589,0.243837754,-0.12626265,0.30708661417322836,0.20588235294117646,0.13630041724617525,0.33029612756264237
0,11,20.53571429,0,0,0,0,0,1,13.61945377,0,0,0,0,0,1,58.802816899999996,0,0,0,0,0,1,0.436298991,0,0,0,0,1,0,3.313492908,0,0,0,0,0,1,13.25915701,0,0,0,0,0,1,33.33333333,0,0,0,0,1,0,0.42590938799999994,0,0,0,0,0,1,13.698652599999999,0,0,0,0,0,1,3.313492908,0,0,0,0,0,1,3.313492908,0,0,0,0,0,1,20.67570983,0,0,0,0,0,1,0.02437913,0.123809524,3.1332912189999997,1.305217589,0.243837754,-0.12626265,0.30708661417322836,0.20588235294117646,0.13630041724617525,0.33029612756264237
0,12,16.96428571,0,0,0,0,0,1,11.741221300000001,0,0,0,0,0,1,50.68285281,0,0,0,0,0,1,0.0,0,0,0,0,0,1,0.542363474,0,0,0,0,0,1,11.40336882,0,0,0,0,0,1,100.0,1,1,0,0,0,0,0.029009605,0,0,0,0,0,1,13.04099946,0,0,0,0,0,1,0.542363474,0,0,0,0,0,1,0.542363474,0,0,0,0,0,1,21.56879265,0,0,0,0,1,0,0.02437913,0.123809524,3.1332912189999997,1.305217589,0.243837754,-0.12626265,0.30708661417322836,0.20588235294117646,0.13630041724617525,0.33029612756264237
0,13,38.83928571,0,0,0,0,1,0,14.27275202,0,0,0,0,0,1,64.1074856,0,0,0,0,1,0,0.0,0,0,0,0,0,1,2.8863497939999996,0,0,0,0,0,1,14.73115021,0,0,0,0,0,1,100.0,1,1,0,0,0,0,1.17814394,0,0,0,0,0,1,13.61018993,0,0,0,0,0,1,2.8863497939999996,0,0,0,0,0,1,2.8863497939999996,0,0,0,0,0,1,20.40609992,0,0,0,0,0,1,0.02437913,0.123809524,3.1332912189999997,1.305217589,0.243837754,-0.12626265,0.30708661417322836,0.20588235294117646,0.13630041724617525,0.33029612756264237
0,14,30.0,0,0,0,0,1,0,15.96951275,0,0,0,0,0,1,62.31343284,0,0,0,0,1,0,0.554305454,0,0,0,0,1,0,1.848477009,0,0,0,0,0,1,15.24886932,0,0,0,0,0,1,50.0,0,0,0,0,1,0,1.2037125229999999,0,0,0,0,0,1,16.42822361,0,0,0,0,0,1,1.848477009,0,0,0,0,0,1,1.848477009,0,0,0,0,0,1,20.48192771,0,0,0,0,0,1,0.02437913,0.123809524,3.1332912189999997,1.305217589,0.243837754,-0.12626265,0.30708661417322836,0.20588235294117646,0.13630041724617525,0.33029612756264237
0,15,23.06547619,0,0,0,0,0,1,33.97150894,0,0,0,0,1,0,69.87447699,0,0,0,0,1,0,7.059247664,0,0,0,0,1,0,5.077246186,0,0,0,0,1,0,33.79873266,0,0,0,0,1,0,28.78787879,0,0,0,0,1,0,4.159590735,0,0,0,0,1,0,30.283287800000004,0,0,0,0,1,0,5.077246186,0,0,0,0,1,0,5.077246186,0,0,0,0,1,0,17.09495324,0,0,0,0,0,1,0.02437913,0.123809524,3.1332912189999997,1.305217589,0.243837754,-0.12626265,0.30708661417322836,0.20588235294117646,0.13630041724617525,0.33029612756264237
0,16,12.5,0,0,0,0,0,1,12.28563651,0,0,0,0,0,1,53.35463259,0,0,0,0,0,1,0.0,0,0,0,0,0,1,2.483018397,0,0,0,0,0,1,11.66912059,0,0,0,0,0,1,100.0,1,1,0,0,0,0,0.082113467,0,0,0,0,0,1,12.24844211,0,0,0,0,0,1,2.483018397,0,0,0,0,0,1,2.483018397,0,0,0,0,0,1,21.29075744,0,0,0,0,1,0,0.02437913,0.123809524,3.1332912189999997,1.305217589,0.243837754,-0.12626265,0.30708661417322836,0.20588235294117646,0.13630041724617525,0.33029612756264237
0,17,41.07142857,0,0,0,0,1,0,9.100807548999999,0,0,0,0,0,1,67.06827309,0,0,0,0,1,0,0.161280423,0,0,0,0,1,0,8.061372356,0,0,0,0,1,0,9.68198069,0,0,0,0,0,1,66.66666667,0,0,1,0,0,0,1.293807656,0,0,0,0,0,1,10.08844314,0,0,0,0,0,1,8.061372356,0,0,0,0,1,0,8.061372356,0,0,0,0,1,0,20.2123178,0,0,0,0,0,1,0.02437913,0.123809524,3.1332912189999997,1.305217589,0.243837754,-0.12626265,0.30708661417322836,0.20588235294117646,0.13630041724617525,0.33029612756264237
0,18,20.53571429,0,0,0,0,0,1,15.32528809,0,0,0,0,0,1,57.28987993,0,0,0,0,0,1,0.0,0,0,0,0,0,1,1.434615639,0,0,0,0,0,1,14.85365324,0,0,0,0,0,1,100.0,1,1,0,0,0,0,0.351496381,0,0,0,0,0,1,14.92010378,0,0,0,0,0,1,1.434615639,0,0,0,0,0,1,1.434615639,0,0,0,0,0,1,20.92846912,0,0,0,0,1,0,0.02437913,0.123809524,3.1332912189999997,1.305217589,0.243837754,-0.12626265,0.30708661417322836,0.20588235294117646,0.13630041724617525,0.33029612756264237
0,19,43.45238095,0,0,0,0,1,0,11.18773251,0,0,0,0,0,1,68.30265849,0,0,0,0,1,0,0.26617525,0,0,0,0,1,0,5.740921052999999,0,0,0,0,1,0,13.70207935,0,0,0,0,0,1,66.66666667,0,0,1,0,0,0,4.511558865,0,0,0,0,1,0,10.25565183,0,0,0,0,0,1,5.740921052999999,0,0,0,0,1,0,5.740921052999999,0,0,0,0,1,0,20.13649002,0,0,0,0,0,1,0.02437913,0.123809524,3.1332912189999997,1.305217589,0.243837754,-0.12626265,0.30708661417322836,0.20588235294117646,0.13630041724617525,0.33029612756264237
0,20,43.75,0,0,0,0,1,0,14.53588604,0,0,0,0,0,1,65.36203523,0,0,0,0,1,0,0.0,0,0,0,0,0,1,5.730876179,0,0,0,0,1,0,16.25134281,0,0,0,0,0,1,100.0,1,1,0,0,0,0,1.947740054,0,0,0,0,1,0,13.48192328,0,0,0,0,0,1,5.730876179,0,0,0,0,1,0,5.730876179,0,0,0,0,1,0,20.32184683,0,0,0,0,0,1,0.02437913,0.123809524,3.1332912189999997,1.305217589,0.243837754,-0.12626265,0.30708661417322836,0.20588235294117646,0.13630041724617525,0.33029612756264237
0,21,12.05357143,0,0,0,0,0,1,16.86779784,0,0,0,0,0,1,53.44,0,0,0,0,0,1,0.0,0,0,0,0,0,1,0.7249171670000001,0,0,0,0,0,1,16.123203,0,0,0,0,0,1,100.0,1,1,0,0,0,0,0.080548179,0,0,0,0,0,1,15.52758592,0,0,0,0,0,1,0.7249171670000001,0,0,0,0,0,1,0.7249171670000001,0,0,0,0,0,1,21.28233213,0,0,0,0,1,0,0.02437913,0.123809524,3.1332912189999997,1.305217589,0.243837754,-0.12626265,0.30708661417322836,0.20588235294117646,0.13630041724617525,0.33029612756264237
0,22,12.5,0,0,0,0,0,1,10.06260775,0,0,0,0,0,1,5.904163623,0,0,0,0,0,1,0.0,0,0,0,0,0,1,1.27e-14,0,0,0,0,0,1,9.841229946,0,0,0,0,0,1,100.0,1,1,0,0,0,0,0.004867188,0,0,0,0,0,1,12.87359889,0,0,0,0,0,1,4.0099999999999996e-16,0,0,0,0,0,1,4.0099999999999996e-16,0,0,0,0,0,1,16.1850198,0,0,0,0,0,1,0.02437913,0.123809524,3.1332912189999997,1.305217589,0.243837754,-0.12626265,0.30708661417322836,0.20588235294117646,0.13630041724617525,0.33029612756264237
0,23,10.71428571,0,0,0,0,0,1,14.63569549,0,0,0,0,0,1,52.931854200000004,0,0,0,0,0,1,0.0,0,0,0,0,0,1,0.359175391,0,0,0,0,0,1,13.43669223,0,0,0,0,0,1,100.0,1,1,0,0,0,0,0.05703296099999999,0,0,0,0,0,1,15.50036943,0,0,0,0,0,1,0.359175391,0,0,0,0,0,1,0.359175391,0,0,0,0,0,1,21.33288398,0,0,0,0,1,0,0.02437913,0.123809524,3.1332912189999997,1.305217589,0.243837754,-0.12626265,0.30708661417322836,0.20588235294117646,0.13630041724617525,0.33029612756264237
0,24,63.0952381,0,0,1,0,0,0,6.18818619,0,0,0,0,0,1,65.7480315,0,0,0,0,1,0,0.0,0,0,0,0,0,1,6.239439629,0,0,0,0,1,0,8.208042865,0,0,0,0,0,1,100.0,1,1,0,0,0,0,2.0805741269999998,0,0,0,0,1,0,5.786947356000001,0,0,0,0,0,1,6.239439629,0,0,0,0,1,0,6.239439629,0,0,0,0,1,0,20.2965709,0,0,0,0,0,1,0.02437913,0.123809524,3.1332912189999997,1.305217589,0.243837754,-0.12626265,0.30708661417322836,0.20588235294117646,0.13630041724617525,0.33029612756264237
0,25,10.71428571,0,0,0,0,0,1,13.873514199999999,0,0,0,0,0,1,50.0,0,0,0,0,0,1,0.0,0,0,0,0,0,1,0.571745928,0,0,0,0,0,1,12.55093269,0,0,0,0,0,1,100.0,1,1,0,0,0,0,0.048240729,0,0,0,0,0,1,15.44357248,0,0,0,0,0,1,0.571745928,0,0,0,0,0,1,0.571745928,0,0,0,0,0,1,21.64462044,0,0,0,0,1,0,0.02437913,0.123809524,3.1332912189999997,1.305217589,0.243837754,-0.12626265,0.30708661417322836,0.20588235294117646,0.13630041724617525,0.33029612756264237
0,26,11.30952381,0,0,0,0,0,1,14.66291625,0,0,0,0,0,1,46.13259669,0,0,0,0,0,1,0.0,0,0,0,0,0,1,0.884652381,0,0,0,0,0,1,14.15511752,0,0,0,0,0,1,100.0,1,1,0,0,0,0,0.019274556,0,0,0,0,0,1,15.09767419,0,0,0,0,0,1,0.884652381,0,0,0,0,0,1,0.884652381,0,0,0,0,0,1,22.11643778,0,0,0,0,1,0,0.02437913,0.123809524,3.1332912189999997,1.305217589,0.243837754,-0.12626265,0.30708661417322836,0.20588235294117646,0.13630041724617525,0.33029612756264237
0,27,16.96428571,0,0,0,0,0,1,11.20587968,0,0,0,0,0,1,50.68285281,0,0,0,0,0,1,0.0,0,0,0,0,0,1,0.49840101299999995,0,0,0,0,0,1,10.81881514,0,0,0,0,0,1,100.0,1,1,0,0,0,0,0.029009605,0,0,0,0,0,1,12.44210498,0,0,0,0,0,1,0.49840101299999995,0,0,0,0,0,1,0.49840101299999995,0,0,0,0,0,1,21.56879265,0,0,0,0,1,0,0.02437913,0.123809524,3.1332912189999997,1.305217589,0.243837754,-0.12626265,0.30708661417322836,0.20588235294117646,0.13630041724617525,0.33029612756264237
0,28,20.75892857,0,0,0,0,0,1,24.244623899999997,0,0,0,0,1,0,62.31343284,0,0,0,0,1,0,2.615224092,0,0,0,0,1,0,2.5920820630000003,0,0,0,0,0,1,23.98190937,0,0,0,0,1,0,42.85714286,0,0,0,0,1,0,0.970367195,0,0,0,0,0,1,21.91196246,0,0,0,0,1,0,2.5920820630000003,0,0,0,0,0,1,2.5920820630000003,0,0,0,0,0,1,19.21813127,0,0,0,0,0,1,0.02437913,0.123809524,3.1332912189999997,1.305217589,0.243837754,-0.12626265,0.30708661417322836,0.20588235294117646,0.13630041724617525,0.33029612756264237
0,29,8.928571429,0,0,0,0,0,1,11.10607023,0,0,0,0,0,1,42.60204082,0,0,0,0,0,1,0.0,0,0,0,0,0,1,0.035696028,0,0,0,0,0,1,9.787542988,0,0,0,0,0,1,100.0,1,1,0,0,0,0,0.004969555,0,0,0,0,0,1,13.672653500000001,0,0,0,0,0,1,0.035696028,0,0,0,0,0,1,0.035696028,0,0,0,0,0,1,22.62195636,0,0,0,0,1,0,0.02437913,0.123809524,3.1332912189999997,1.305217589,0.243837754,-0.12626265,0.30708661417322836,0.20588235294117646,0.13630041724617525,0.33029612756264237
0,30,32.58928571,0,0,0,0,1,0,11.66863261,0,0,0,0,0,1,60.72727273,0,0,0,0,1,0,0.0,0,0,0,0,0,1,2.571837907,0,0,0,0,0,1,13.37746811,0,0,0,0,0,1,100.0,1,1,0,0,0,0,0.588029067,0,0,0,0,0,1,10.55847417,0,0,0,0,0,1,2.571837907,0,0,0,0,0,1,2.571837907,0,0,0,0,0,1,20.6504339,0,0,0,0,0,1,0.02437913,0.123809524,3.1332912189999997,1.305217589,0.243837754,-0.12626265,0.30708661417322836,0.20588235294117646,0.13630041724617525,0.33029612756264237
0,31,19.64285714,0,0,0,0,0,1,2.722076037,0,0,0,0,0,1,5.623012974,0,0,0,0,0,1,0.0,0,0,0,0,0,1,2.54e-14,0,0,0,0,0,1,2.971851716,0,0,0,0,0,1,0.0,0,0,0,0,1,0,0.002199173,0,0,0,0,0,1,3.469317526,0,0,0,0,0,1,4.0300000000000004e-16,0,0,0,0,0,1,4.0300000000000004e-16,0,0,0,0,0,1,16.19344511,0,0,0,0,0,1,0.02437913,0.123809524,3.1332912189999997,1.305217589,0.243837754,-0.12626265,0.30708661417322836,0.20588235294117646,0.13630041724617525,0.33029612756264237
0,32,10.71428571,0,0,0,0,0,1,14.63569549,0,0,0,0,0,1,52.931854200000004,0,0,0,0,0,1,0.0,0,0,0,0,0,1,0.359175391,0,0,0,0,0,1,13.43669223,0,0,0,0,0,1,100.0,1,1,0,0,0,0,0.05703296099999999,0,0,0,0,0,1,15.50036943,0,0,0,0,0,1,0.359175391,0,0,0,0,0,1,0.359175391,0,0,0,0,0,1,21.33288398,0,0,0,0,1,0,0.02437913,0.123809524,3.1332912189999997,1.305217589,0.243837754,-0.12626265,0.30708661417322836,0.20588235294117646,0.13630041724617525,0.33029612756264237
0,33,13.83928571,0,0,0,0,0,1,15.99673351,0,0,0,0,0,1,55.20661157,0,0,0,0,0,1,0.0,0,0,0,0,0,1,1.028330007,0,0,0,0,0,1,15.46475995,0,0,0,0,0,1,100.0,1,1,0,0,0,0,0.10899641199999999,0,0,0,0,0,1,15.341231400000002,0,0,0,0,0,1,1.028330007,0,0,0,0,0,1,1.028330007,0,0,0,0,0,1,21.11382593,0,0,0,0,1,0,0.02437913,0.123809524,3.1332912189999997,1.305217589,0.243837754,-0.12626265,0.30708661417322836,0.20588235294117646,0.13630041724617525,0.33029612756264237
0,34,39.28571429,0,0,0,0,1,0,12.4308139,0,0,0,0,0,1,64.85436893,0,0,0,0,1,0,0.012406186000000001,0,0,0,0,1,0,5.161530662,0,0,0,0,1,0,13.70025849,0,0,0,0,0,1,66.66666667,0,0,1,0,0,0,1.6931234519999998,0,0,0,0,0,1,12.8468918,0,0,0,0,0,1,5.161530662,0,0,0,0,1,0,5.161530662,0,0,0,0,1,0,20.35554807,0,0,0,0,0,1,0.02437913,0.123809524,3.1332912189999997,1.305217589,0.243837754,-0.12626265,0.30708661417322836,0.20588235294117646,0.13630041724617525,0.33029612756264237
0,35,100.0,1,1,0,0,0,0,2.9126213589999996,0,0,0,0,0,1,70.16806723,0,0,0,0,1,0,0.0,0,0,0,0,0,1,2.511175106,0,0,0,0,0,1,4.757326814,0,0,0,0,0,1,100.0,1,1,0,0,0,0,1.7481544619999998,0,0,0,0,1,0,2.681012753,0,0,0,0,0,1,2.511175106,0,0,0,0,0,1,2.511175106,0,0,0,0,0,1,20.02696099,0,0,0,0,0,1,0.02437913,0.123809524,3.1332912189999997,1.305217589,0.243837754,-0.12626265,0.30708661417322836,0.20588235294117646,0.13630041724617525,0.33029612756264237
0,36,42.85714286,0,0,0,0,1,0,10.29852101,0,0,0,0,0,1,59.43060498,0,0,0,0,0,1,0.0,0,0,0,0,0,1,1.5513244659999998,0,0,0,0,0,1,9.843862717999999,0,0,0,0,0,1,100.0,1,1,0,0,0,0,0.334814854,0,0,0,0,0,1,12.256685800000001,0,0,0,0,0,1,1.5513244659999998,0,0,0,0,0,1,1.5513244659999998,0,0,0,0,0,1,20.75153762,0,0,0,0,1,0,0.02437913,0.123809524,3.1332912189999997,1.305217589,0.243837754,-0.12626265,0.30708661417322836,0.20588235294117646,0.13630041724617525,0.33029612756264237
0,37,46.42857143,0,0,0,0,1,0,8.837673532,0,0,0,0,0,1,59.85663082,0,0,0,0,0,1,0.0,0,0,0,0,0,1,1.859612712,0,0,0,0,0,1,9.281346371,0,0,0,0,0,1,100.0,1,1,0,0,0,0,0.337788707,0,0,0,0,0,1,8.851976578,0,0,0,0,0,1,1.859612712,0,0,0,0,0,1,1.859612712,0,0,0,0,0,1,20.71783638,0,0,0,0,0,1,0.02437913,0.123809524,3.1332912189999997,1.305217589,0.243837754,-0.12626265,0.30708661417322836,0.20588235294117646,0.13630041724617525,0.33029612756264237
0,38,14.3907563,0,0,0,0,0,1,89.64703747,0,1,0,1,0,0,71.98275862,0,0,0,0,1,0,32.11492621,0,1,0,1,0,0,100.0,1,1,0,0,0,0,83.68746611,0,1,0,1,0,0,7.352941176,0,0,0,0,1,0,3.178976502,0,0,0,0,1,0,96.31139702,0,1,0,1,0,0,100.0,1,1,0,0,0,0,100.0,1,1,0,0,0,0,100.0,1,1,0,0,0,0,0.02437913,0.123809524,3.1332912189999997,1.305217589,0.243837754,-0.12626265,0.30708661417322836,0.20588235294117646,0.13630041724617525,0.33029612756264237
0,39,8.928571429,0,0,0,0,0,1,16.66817893,0,0,0,0,0,1,5.20477234,0,0,0,0,0,1,0.0,0,0,0,0,0,1,3.3299999999999997e-15,0,0,0,0,0,1,15.39868217,0,0,0,0,0,1,100.0,1,1,0,0,0,0,0.019018266000000002,0,0,0,0,0,1,16.62363469,0,0,0,0,0,1,4.08e-16,0,0,0,0,0,1,4.08e-16,0,0,0,0,0,1,16.11761732,0,0,0,0,0,1,0.02437913,0.123809524,3.1332912189999997,1.305217589,0.243837754,-0.12626265,0.30708661417322836,0.20588235294117646,0.13630041724617525,0.33029612756264237
0,40,23.92857143,0,0,0,0,0,1,20.11614191,0,0,0,0,1,0,69.00826446,0,0,0,0,1,0,7.001185584,0,0,0,0,1,0,2.185079623,0,0,0,0,0,1,19.47654273,0,0,0,0,1,0,40.0,0,0,0,0,1,0,2.7284278210000004,0,0,0,0,1,0,20.03205321,0,0,0,0,1,0,2.185079623,0,0,0,0,0,1,2.185079623,0,0,0,0,0,1,17.66787429,0,0,0,0,0,1,0.02437913,0.123809524,3.1332912189999997,1.305217589,0.243837754,-0.12626265,0.30708661417322836,0.20588235294117646,0.13630041724617525,0.33029612756264237
2,41,13.25757576,0,0,0,0,0,1,100.0,1,1,0,0,0,0,100.0,1,1,0,0,0,0,100.0,1,1,0,0,0,0,33.89719803,0,1,0,1,0,0,100.0,1,1,0,0,0,0,6.9463869460000005,0,0,0,0,1,0,100.0,1,1,0,0,0,0,100.0,1,1,0,0,0,0,33.89719803,0,1,0,1,0,0,33.89719803,0,1,0,1,0,0,0.0,0,0,0,0,0,1,0.02437913,0.123809524,3.1332912189999997,1.305217589,0.243837754,-0.12626265,0.30708661417322836,0.20588235294117646,0.13630041724617525,0.33029612756264237
0,42,30.35714286,0,0,0,0,1,0,9.073586789,0,0,0,0,0,1,51.54320988,0,0,0,0,0,1,0.0,0,0,0,0,0,1,33.0362816,0,1,0,1,0,0,15.17676157,0,0,0,0,0,1,0.0,0,0,0,0,1,0,0.023058742000000004,0,0,0,0,0,1,8.94863586,0,0,0,0,0,1,33.0362816,0,1,0,1,0,0,33.0362816,0,1,0,1,0,0,21.47611425,0,0,0,0,1,0,0.02437913,0.123809524,3.1332912189999997,1.305217589,0.243837754,-0.12626265,0.30708661417322836,0.20588235294117646,0.13630041724617525,0.33029612756264237
0,43,25.0,0,0,0,0,0,1,10.11704927,0,0,0,0,0,1,54.575163399999994,0,0,0,0,0,1,0.0,0,0,0,0,0,1,1.469680029,0,0,0,0,0,1,9.850147164,0,0,0,0,0,1,100.0,1,1,0,0,0,0,0.22799185100000002,0,0,0,0,0,1,10.28446416,0,0,0,0,0,1,1.469680029,0,0,0,0,0,1,1.469680029,0,0,0,0,0,1,21.172803100000003,0,0,0,0,1,0,0.02437913,0.123809524,3.1332912189999997,1.305217589,0.243837754,-0.12626265,0.30708661417322836,0.20588235294117646,0.13630041724617525,0.33029612756264237
0,44,11.60714286,0,0,0,0,0,1,11.55974957,0,0,0,0,0,1,5.904163623,0,0,0,0,0,1,0.0,0,0,0,0,0,1,2.11e-14,0,0,0,0,0,1,10.71768436,0,0,0,0,0,1,100.0,1,1,0,0,0,0,0.004476427,0,0,0,0,0,1,15.29998502,0,0,0,0,0,1,4.0099999999999996e-16,0,0,0,0,0,1,4.0099999999999996e-16,0,0,0,0,0,1,16.1850198,0,0,0,0,0,1,0.02437913,0.123809524,3.1332912189999997,1.305217589,0.243837754,-0.12626265,0.30708661417322836,0.20588235294117646,0.13630041724617525,0.33029612756264237
0,45,9.375,0,0,0,0,0,1,18.77325107,0,0,0,0,1,0,46.38888889,0,0,0,0,0,1,0.0,0,0,0,0,0,1,0.657054716,0,0,0,0,0,1,18.08900288,0,0,0,0,0,1,100.0,1,1,0,0,0,0,0.030293566,0,0,0,0,0,1,17.54563295,0,0,0,0,0,1,0.657054716,0,0,0,0,0,1,0.657054716,0,0,0,0,0,1,22.08273654,0,0,0,0,1,0,0.02437913,0.123809524,3.1332912189999997,1.305217589,0.243837754,-0.12626265,0.30708661417322836,0.20588235294117646,0.13630041724617525,0.33029612756264237
0,46,8.928571429,0,0,0,0,0,1,18.11995282,0,0,0,0,0,1,5.20477234,0,0,0,0,0,1,0.0,0,0,0,0,0,1,2.73e-14,0,0,0,0,0,1,17.201763699999997,0,0,0,0,0,1,100.0,1,1,0,0,0,0,0.019018266000000002,0,0,0,0,0,1,17.06735323,0,0,0,0,0,1,4.08e-16,0,0,0,0,0,1,4.08e-16,0,0,0,0,0,1,16.11761732,0,0,0,0,0,1,0.02437913,0.123809524,3.1332912189999997,1.305217589,0.243837754,-0.12626265,0.30708661417322836,0.20588235294117646,0.13630041724617525,0.33029612756264237
0,47,13.83928571,0,0,0,0,0,1,15.99673351,0,0,0,0,0,1,55.20661157,0,0,0,0,0,1,0.0,0,0,0,0,0,1,1.028330007,0,0,0,0,0,1,15.46475995,0,0,0,0,0,1,100.0,1,1,0,0,0,0,0.10899641199999999,0,0,0,0,0,1,15.341231400000002,0,0,0,0,0,1,1.028330007,0,0,0,0,0,1,1.028330007,0,0,0,0,0,1,21.11382593,0,0,0,0,1,0,0.02437913,0.123809524,3.1332912189999997,1.305217589,0.243837754,-0.12626265,0.30708661417322836,0.20588235294117646,0.13630041724617525,0.33029612756264237
0,48,61.60714286,0,0,1,0,0,0,6.433173032999999,0,0,0,0,0,1,64.60348162,0,0,0,0,1,0,0.0,0,0,0,0,0,1,3.633490896,0,0,0,0,0,1,8.163080162,0,0,0,0,0,1,100.0,1,1,0,0,0,0,0.769012811,0,0,0,0,0,1,6.899252067000001,0,0,0,0,0,1,3.633490896,0,0,0,0,0,1,3.633490896,0,0,0,0,0,1,20.37239869,0,0,0,0,0,1,0.02437913,0.123809524,3.1332912189999997,1.305217589,0.243837754,-0.12626265,0.30708661417322836,0.20588235294117646,0.13630041724617525,0.33029612756264237
1,49,22.16386555,0,0,0,0,0,1,37.76426822,0,0,1,0,0,0,75.56561086,0,0,1,0,0,0,10.90989562,0,0,1,0,0,0,32.50050751,0,0,1,0,0,0,40.30000308,0,0,1,0,0,0,19.11764706,0,0,0,0,1,0,10.18163774,0,0,1,0,0,0,38.33072511,0,0,1,0,0,0,32.50050751,0,1,0,1,0,0,32.50050751,0,1,0,1,0,0,18.22394473,0,0,0,0,0,1,0.02437913,0.123809524,3.1332912189999997,1.305217589,0.243837754,-0.12626265,0.30708661417322836,0.20588235294117646,0.13630041724617525,0.33029612756264237
0,50,20.68452381,0,0,0,0,0,1,32.94619363,0,0,0,0,1,0,68.72427984,0,0,0,0,1,0,8.22259209,0,0,0,0,1,0,7.974754867000001,0,0,0,0,1,0,32.5704242,0,0,0,0,1,0,25.75757576,0,0,0,0,1,0,4.327747373,0,0,0,0,1,0,32.14122569,0,0,0,0,1,0,7.974754867000001,0,0,0,0,1,0,7.974754867000001,0,0,0,0,1,0,36.72592468,0,0,0,0,1,0,0.02437913,0.123809524,3.1332912189999997,1.305217589,0.243837754,-0.12626265,0.30708661417322836,0.20588235294117646,0.13630041724617525,0.33029612756264237
0,51,8.928571429,0,0,0,0,0,1,18.41938118,0,0,0,0,1,0,41.59402242,0,0,0,0,0,1,0.0,0,0,0,0,0,1,0.271896354,0,0,0,0,0,1,17.57061744,0,0,0,0,0,1,100.0,1,1,0,0,0,0,0.021415998,0,0,0,0,0,1,16.62181544,0,0,0,0,0,1,0.271896354,0,0,0,0,0,1,0.271896354,0,0,0,0,0,1,22.78203724,0,0,0,0,1,0,0.02437913,0.123809524,3.1332912189999997,1.305217589,0.243837754,-0.12626265,0.30708661417322836,0.20588235294117646,0.13630041724617525,0.33029612756264237
0,52,9.375,0,0,0,0,0,1,18.77325107,0,0,0,0,1,0,46.38888889,0,0,0,0,0,1,0.0,0,0,0,0,0,1,0.657054716,0,0,0,0,0,1,18.08900288,0,0,0,0,0,1,100.0,1,1,0,0,0,0,0.030293566,0,0,0,0,0,1,17.54563295,0,0,0,0,0,1,0.657054716,0,0,0,0,0,1,0.657054716,0,0,0,0,0,1,22.08273654,0,0,0,0,1,0,0.02437913,0.123809524,3.1332912189999997,1.305217589,0.243837754,-0.12626265,0.30708661417322836,0.20588235294117646,0.13630041724617525,0.33029612756264237
0,53,22.02380952,0,0,0,0,0,1,12.31285727,0,0,0,0,0,1,54.84400657,0,0,0,0,0,1,0.0,0,0,0,0,0,1,11.23691124,0,0,0,0,1,0,12.72803922,0,0,0,0,0,1,100.0,1,1,0,0,0,0,0.199248955,0,0,0,0,0,1,12.97777133,0,0,0,0,0,1,11.23691124,0,0,0,0,1,0,11.23691124,0,0,0,0,1,0,21.14752717,0,0,0,0,1,0,0.02437913,0.123809524,3.1332912189999997,1.305217589,0.243837754,-0.12626265,0.30708661417322836,0.20588235294117646,0.13630041724617525,0.33029612756264237
0,54,33.16326531,0,0,0,0,1,0,19.77134561,0,0,0,0,1,0,68.58316222,0,0,0,0,1,0,4.224763395,0,0,0,0,1,0,3.193728605,0,0,0,0,0,1,20.79282686,0,0,0,0,1,0,57.14285714,0,0,0,0,1,0,2.747790909,0,0,0,0,1,0,17.65917566,0,0,0,0,1,0,3.193728605,0,0,0,0,0,1,3.193728605,0,0,0,0,0,1,20.119639399999997,0,0,0,0,0,1,0.02437913,0.123809524,3.1332912189999997,1.305217589,0.243837754,-0.12626265,0.30708661417322836,0.20588235294117646,0.13630041724617525,0.33029612756264237
0,55,36.78571429,0,0,0,0,1,0,21.44088558,0,0,0,0,1,0,73.73068433,0,0,1,0,0,0,4.216749866000001,0,0,0,0,1,0,6.931851032999999,0,0,0,0,1,0,22.75126891,0,0,0,0,1,0,40.0,0,0,0,0,1,0,8.851120732,0,0,1,0,0,0,20.35091944,0,0,0,0,1,0,6.931851032999999,0,0,0,0,1,0,6.931851032999999,0,0,0,0,1,0,19.36978684,0,0,0,0,0,1,0.02437913,0.123809524,3.1332912189999997,1.305217589,0.243837754,-0.12626265,0.30708661417322836,0.20588235294117646,0.13630041724617525,0.33029612756264237
0,56,19.89795918,0,0,0,0,0,1,31.96624626,0,0,0,0,1,0,61.06032907,0,0,0,0,1,0,1.153775335,0,0,0,0,1,0,5.761415327999999,0,0,0,0,1,0,32.636501300000006,0,0,0,0,1,0,52.38095238,0,0,0,0,1,0,0.789516142,0,0,0,0,0,1,30.19409751,0,0,0,0,1,0,5.761415327999999,0,0,0,0,1,0,5.761415327999999,0,0,0,0,1,0,20.62515797,0,0,0,0,0,1,0.02437913,0.123809524,3.1332912189999997,1.305217589,0.243837754,-0.12626265,0.30708661417322836,0.20588235294117646,0.13630041724617525,0.33029612756264237
0,57,74.10714286,0,1,0,1,0,0,12.62135922,0,0,0,0,0,1,65.10721248,0,0,0,0,1,0,0.0,0,0,0,0,0,1,15.19719372,0,0,0,0,1,0,18.46663907,0,0,0,0,1,0,100.0,1,1,0,0,0,0,1.116180725,0,0,0,0,0,1,11.89185217,0,0,0,0,0,1,15.19719372,0,0,1,0,0,0,15.19719372,0,0,1,0,0,0,20.33869745,0,0,0,0,0,1,0.02437913,0.123809524,3.1332912189999997,1.305217589,0.243837754,-0.12626265,0.30708661417322836,0.20588235294117646,0.13630041724617525,0.33029612756264237
0,58,62.05357143,0,0,1,0,0,0,12.45803466,0,0,0,0,0,1,70.91295117,0,0,0,0,1,0,0.0,0,0,0,0,0,1,4.360369018,0,0,0,0,0,1,13.42893182,0,0,0,0,0,1,100.0,1,1,0,0,0,0,3.447702112,0,0,0,0,1,0,12.42611086,0,0,0,0,0,1,4.360369018,0,0,0,0,0,1,4.360369018,0,0,0,0,0,1,19.98483444,0,0,0,0,0,1,0.02437913,0.123809524,3.1332912189999997,1.305217589,0.243837754,-0.12626265,0.30708661417322836,0.20588235294117646,0.13630041724617525,0.33029612756264237
0,59,21.66149068,0,0,0,0,0,1,51.04799927,0,1,0,1,0,0,76.7816092,0,1,0,1,0,0,10.561089599999999,0,0,0,0,1,0,17.55658825,0,0,1,0,0,0,52.02265569,0,1,0,1,0,0,18.97233202,0,0,0,0,1,0,23.31032229,0,1,0,1,0,0,49.34559616,0,1,0,1,0,0,17.55658825,0,0,1,0,0,0,17.55658825,0,0,1,0,0,0,28.90723734,0,0,0,0,1,0,0.02437913,0.123809524,3.1332912189999997,1.305217589,0.243837754,-0.12626265,0.30708661417322836,0.20588235294117646,0.13630041724617525,0.33029612756264237
0,60,57.14285714,0,0,0,0,1,0,13.78277833,0,0,0,0,0,1,65.234375,0,0,0,0,1,0,0.0,0,0,0,0,0,1,8.47186371,0,0,0,0,1,0,17.60097858,0,0,0,0,0,1,100.0,1,1,0,0,0,0,1.916116084,0,0,0,0,1,0,12.47446869,0,0,0,0,0,1,8.47186371,0,0,0,0,1,0,8.47186371,0,0,0,0,1,0,20.33027214,0,0,0,0,0,1,0.02437913,0.123809524,3.1332912189999997,1.305217589,0.243837754,-0.12626265,0.30708661417322836,0.20588235294117646,0.13630041724617525,0.33029612756264237
0,61,8.035714286000001,0,0,0,0,0,1,17.48480174,0,0,0,0,0,1,45.44217687,0,0,0,0,0,1,0.0,0,0,0,0,0,1,0.503991723,0,0,0,0,0,1,16.3146074,0,0,0,0,0,1,100.0,1,1,0,0,0,0,0.021275977,0,0,0,0,0,1,17.56759324,0,0,0,0,0,1,0.503991723,0,0,0,0,0,1,0.503991723,0,0,0,0,0,1,22.20911619,0,0,0,0,1,0,0.02437913,0.123809524,3.1332912189999997,1.305217589,0.243837754,-0.12626265,0.30708661417322836,0.20588235294117646,0.13630041724617525,0.33029612756264237
0,62,8.928571429,0,0,0,0,0,1,18.41938118,0,0,0,0,1,0,41.59402242,0,0,0,0,0,1,0.0,0,0,0,0,0,1,0.271896354,0,0,0,0,0,1,17.57061744,0,0,0,0,0,1,100.0,1,1,0,0,0,0,0.021415998,0,0,0,0,0,1,16.62181544,0,0,0,0,0,1,0.271896354,0,0,0,0,0,1,0.271896354,0,0,0,0,0,1,22.78203724,0,0,0,0,1,0,0.02437913,0.123809524,3.1332912189999997,1.305217589,0.243837754,-0.12626265,0.30708661417322836,0.20588235294117646,0.13630041724617525,0.33029612756264237
0,63,16.96428571,0,0,0,0,0,1,10.18963796,0,0,0,0,0,1,50.68285281,0,0,0,0,0,1,0.0,0,0,0,0,0,1,0.443650224,0,0,0,0,0,1,9.776261185,0,0,0,0,0,1,100.0,1,1,0,0,0,0,0.029009605,0,0,0,0,0,1,11.45682098,0,0,0,0,0,1,0.443650224,0,0,0,0,0,1,0.443650224,0,0,0,0,0,1,21.56879265,0,0,0,0,1,0,0.02437913,0.123809524,3.1332912189999997,1.305217589,0.243837754,-0.12626265,0.30708661417322836,0.20588235294117646,0.13630041724617525,0.33029612756264237
1,64,28.125,0,0,0,0,0,1,14.07313311,0,0,0,0,0,1,60.18018018,0,0,0,0,0,1,0.007236942,0,0,0,0,0,1,1.756053642,0,0,0,0,0,1,13.60106217,0,0,0,0,0,1,83.33333333,0,1,0,1,0,0,0.580764425,0,0,0,0,0,1,14.54572596,0,0,0,0,0,1,1.756053642,0,0,0,0,0,1,1.756053642,0,0,0,0,0,1,20.69256045,0,0,0,0,0,1,0.02437913,0.123809524,3.1332912189999997,1.305217589,0.243837754,-0.12626265,0.30708661417322836,0.20588235294117646,0.13630041724617525,0.33029612756264237
0,65,43.30357143,0,0,0,0,1,0,14.93512385,0,0,0,0,0,1,65.36203523,0,0,0,0,1,0,0.0,0,0,0,0,0,1,2.61867378,0,0,0,0,0,1,14.9978396,0,0,0,0,0,1,100.0,1,1,0,0,0,0,1.9326898190000001,0,0,0,0,1,0,13.98999442,0,0,0,0,0,1,2.61867378,0,0,0,0,0,1,2.61867378,0,0,0,0,0,1,20.32184683,0,0,0,0,0,1,0.02437913,0.123809524,3.1332912189999997,1.305217589,0.243837754,-0.12626265,0.30708661417322836,0.20588235294117646,0.13630041724617525,0.33029612756264237
0,66,28.57142857,0,0,0,0,1,0,25.65102985,0,0,0,0,1,0,71.06382979,0,0,0,0,1,0,1.410165167,0,0,0,0,1,0,6.852471368,0,0,0,0,1,0,27.98095343,0,0,0,0,1,0,42.42424242,0,0,0,0,1,0,9.624513519,0,0,1,0,0,0,23.24187809,0,0,0,0,1,0,6.852471368,0,0,0,0,1,0,6.852471368,0,0,0,0,1,0,19.97640913,0,0,0,0,0,1,0.02437913,0.123809524,3.1332912189999997,1.305217589,0.243837754,-0.12626265,0.30708661417322836,0.20588235294117646,0.13630041724617525,0.33029612756264237
0,67,68.45238095,0,1,0,1,0,0,11.07884947,0,0,0,0,0,1,70.31578947,0,0,0,0,1,0,0.0,0,0,0,0,0,1,3.156224939,0,0,0,0,0,1,11.51271918,0,0,0,0,0,1,100.0,1,1,0,0,0,0,2.067036987,0,0,0,0,1,0,12.26468881,0,0,0,0,0,1,3.156224939,0,0,0,0,0,1,3.156224939,0,0,0,0,0,1,20.01853568,0,0,0,0,0,1,0.02437913,0.123809524,3.1332912189999997,1.305217589,0.243837754,-0.12626265,0.30708661417322836,0.20588235294117646,0.13630041724617525,0.33029612756264237
0,68,10.71428571,0,0,0,0,0,1,16.74984121,0,0,0,0,0,1,49.04552129,0,0,0,0,0,1,0.0,0,0,0,0,0,1,0.406838903,0,0,0,0,0,1,15.56547454,0,0,0,0,0,1,100.0,1,1,0,0,0,0,0.046791959,0,0,0,0,0,1,16.73853998,0,0,0,0,0,1,0.406838903,0,0,0,0,0,1,0.406838903,0,0,0,0,0,1,21.75414946,0,0,0,0,1,0,0.02437913,0.123809524,3.1332912189999997,1.305217589,0.243837754,-0.12626265,0.30708661417322836,0.20588235294117646,0.13630041724617525,0.33029612756264237
0,69,15.17857143,0,0,0,0,0,1,17.031122399999997,0,0,0,0,0,1,55.38971808,0,0,0,0,0,1,0.0,0,0,0,0,0,1,1.2938702659999999,0,0,0,0,0,1,16.59939988,0,0,0,0,0,1,100.0,1,1,0,0,0,0,0.185326386,0,0,0,0,0,1,15.71534569,0,0,0,0,0,1,1.2938702659999999,0,0,0,0,0,1,1.2938702659999999,0,0,0,0,0,1,21.09697531,0,0,0,0,1,0,0.02437913,0.123809524,3.1332912189999997,1.305217589,0.243837754,-0.12626265,0.30708661417322836,0.20588235294117646,0.13630041724617525,0.33029612756264237
0,70,14.28571429,0,0,0,0,0,1,4.3734688319999995,0,0,0,0,0,1,46.06896552,0,0,0,0,0,1,0.0,0,0,0,0,0,1,0.538298485,0,0,0,0,0,1,4.755489487,0,0,0,0,0,1,100.0,1,1,0,0,0,0,0.01339343,0,0,0,0,0,1,4.318625802,0,0,0,0,0,1,0.538298485,0,0,0,0,0,1,0.538298485,0,0,0,0,0,1,22.12486309,0,0,0,0,1,0,0.02437913,0.123809524,3.1332912189999997,1.305217589,0.243837754,-0.12626265,0.30708661417322836,0.20588235294117646,0.13630041724617525,0.33029612756264237
0,71,16.96428571,0,0,0,0,0,1,11.36013066,0,0,0,0,0,1,50.68285281,0,0,0,0,0,1,0.0,0,0,0,0,0,1,0.5414736960000001,0,0,0,0,0,1,11.0623907,0,0,0,0,0,1,100.0,1,1,0,0,0,0,0.029009605,0,0,0,0,0,1,12.77630746,0,0,0,0,0,1,0.5414736960000001,0,0,0,0,0,1,0.5414736960000001,0,0,0,0,0,1,21.56879265,0,0,0,0,1,0,0.02437913,0.123809524,3.1332912189999997,1.305217589,0.243837754,-0.12626265,0.30708661417322836,0.20588235294117646,0.13630041724617525,0.33029612756264237
0,72,15.23109244,0,0,0,0,0,1,43.68932039,0,0,1,0,0,0,70.16806723,0,0,0,0,1,0,22.00206917,0,1,0,1,0,0,2.911935615,0,0,0,0,0,1,39.72541997,0,0,1,0,0,0,9.558823529,0,0,0,0,1,0,3.096588029,0,0,0,0,1,0,47.52243169,0,0,1,0,0,0,2.911935615,0,0,0,0,0,1,2.911935615,0,0,0,0,0,1,56.34847081,0,1,0,1,0,0,0.02437913,0.123809524,3.1332912189999997,1.305217589,0.243837754,-0.12626265,0.30708661417322836,0.20588235294117646,0.13630041724617525,0.33029612756264237
0,73,39.88095238,0,0,0,0,1,0,15.933218400000001,0,0,0,0,0,1,66.40159046,0,0,0,0,1,0,0.010683105,0,0,0,0,0,1,5.288660642,0,0,0,0,1,0,17.75174836,0,0,0,0,0,1,86.66666667,0,1,0,1,0,0,4.40175401,0,0,0,0,1,0,14.50380256,0,0,0,0,0,1,5.288660642,0,0,0,0,1,0,5.288660642,0,0,0,0,1,0,20.25444435,0,0,0,0,0,1,0.02437913,0.123809524,3.1332912189999997,1.305217589,0.243837754,-0.12626265,0.30708661417322836,0.20588235294117646,0.13630041724617525,0.33029612756264237
0,74,8.928571429,0,0,0,0,0,1,11.10607023,0,0,0,0,0,1,42.60204082,0,0,0,0,0,1,0.0,0,0,0,0,0,1,0.035696028,0,0,0,0,0,1,9.787542988,0,0,0,0,0,1,100.0,1,1,0,0,0,0,0.004969555,0,0,0,0,0,1,13.672653500000001,0,0,0,0,0,1,0.035696028,0,0,0,0,0,1,0.035696028,0,0,0,0,0,1,22.62195636,0,0,0,0,1,0,0.02437913,0.123809524,3.1332912189999997,1.305217589,0.243837754,-0.12626265,0.30708661417322836,0.20588235294117646,0.13630041724617525,0.33029612756264237
0,75,8.928571429,0,0,0,0,0,1,16.66817893,0,0,0,0,0,1,5.20477234,0,0,0,0,0,1,0.0,0,0,0,0,0,1,1.9e-15,0,0,0,0,0,1,15.39868217,0,0,0,0,0,1,100.0,1,1,0,0,0,0,0.019018266000000002,0,0,0,0,0,1,16.62363469,0,0,0,0,0,1,4.08e-16,0,0,0,0,0,1,4.08e-16,0,0,0,0,0,1,16.11761732,0,0,0,0,0,1,0.02437913,0.123809524,3.1332912189999997,1.305217589,0.243837754,-0.12626265,0.30708661417322836,0.20588235294117646,0.13630041724617525,0.33029612756264237
0,76,27.597402600000002,0,0,0,0,0,1,27.44760004,0,0,0,0,1,0,74.38752784,0,0,1,0,0,0,10.26244346,0,0,0,0,1,0,4.490908425,0,0,0,0,0,1,27.92717021,0,0,0,0,1,0,29.09090909,0,0,0,0,1,0,3.855481086,0,0,0,0,1,0,24.56271924,0,0,0,0,1,0,4.490908425,0,0,0,0,1,0,4.490908425,0,0,0,0,1,0,15.07287893,0,0,0,0,0,1,0.02437913,0.123809524,3.1332912189999997,1.305217589,0.243837754,-0.12626265,0.30708661417322836,0.20588235294117646,0.13630041724617525,0.33029612756264237
0,77,8.928571429,0,0,0,0,0,1,18.11995282,0,0,0,0,0,1,5.20477234,0,0,0,0,0,1,0.0,0,0,0,0,0,1,3.05e-14,0,0,0,0,0,1,17.201763699999997,0,0,0,0,0,1,100.0,1,1,0,0,0,0,0.019018266000000002,0,0,0,0,0,1,17.06735323,0,0,0,0,0,1,4.08e-16,0,0,0,0,0,1,4.08e-16,0,0,0,0,0,1,16.11761732,0,0,0,0,0,1,0.02437913,0.123809524,3.1332912189999997,1.305217589,0.243837754,-0.12626265,0.30708661417322836,0.20588235294117646,0.13630041724617525,0.33029612756264237
0,78,11.16071429,0,0,0,0,0,1,16.87687143,0,0,0,0,0,1,50.22556391,0,0,0,0,0,1,0.0,0,0,0,0,0,1,0.5505167670000001,0,0,0,0,0,1,15.9740646,0,0,0,0,0,1,100.0,1,1,0,0,0,0,0.070767871,0,0,0,0,0,1,16.44121905,0,0,0,0,0,1,0.5505167670000001,0,0,0,0,0,1,0.5505167670000001,0,0,0,0,0,1,21.61934451,0,0,0,0,1,0,0.02437913,0.123809524,3.1332912189999997,1.305217589,0.243837754,-0.12626265,0.30708661417322836,0.20588235294117646,0.13630041724617525,0.33029612756264237
0,79,8.928571429,0,0,0,0,0,1,16.66817893,0,0,0,0,0,1,5.20477234,0,0,0,0,0,1,0.0,0,0,0,0,0,1,0.0,0,0,0,0,0,1,15.39868217,0,0,0,0,0,1,100.0,1,1,0,0,0,0,0.019018266000000002,0,0,0,0,0,1,16.62363469,0,0,0,0,0,1,4.08e-16,0,0,0,0,0,1,4.08e-16,0,0,0,0,0,1,16.11761732,0,0,0,0,0,1,0.02437913,0.123809524,3.1332912189999997,1.305217589,0.243837754,-0.12626265,0.30708661417322836,0.20588235294117646,0.13630041724617525,0.33029612756264237
0,80,12.5,0,0,0,0,0,1,10.00816623,0,0,0,0,0,1,5.904163623,0,0,0,0,0,1,0.0,0,0,0,0,0,1,1.91e-14,0,0,0,0,0,1,9.460858538,0,0,0,0,0,1,100.0,1,1,0,0,0,0,0.004867188,0,0,0,0,0,1,12.81786291,0,0,0,0,0,1,4.04e-16,0,0,0,0,0,1,4.04e-16,0,0,0,0,0,1,16.1850198,0,0,0,0,0,1,0.02437913,0.123809524,3.1332912189999997,1.305217589,0.243837754,-0.12626265,0.30708661417322836,0.20588235294117646,0.13630041724617525,0.33029612756264237
0,81,30.35714286,0,0,0,0,1,0,9.073586789,0,0,0,0,0,1,50.60606061,0,0,0,0,0,1,0.0,0,0,0,0,0,1,0.96199525,0,0,0,0,0,1,10.78055696,0,0,0,0,0,1,0.0,0,0,0,0,1,0,0.022788365,0,0,0,0,0,1,9.242461786,0,0,0,0,0,1,0.96199525,0,0,0,0,0,1,0.96199525,0,0,0,0,0,1,21.57721796,0,0,0,0,1,0,0.02437913,0.123809524,3.1332912189999997,1.305217589,0.243837754,-0.12626265,0.30708661417322836,0.20588235294117646,0.13630041724617525,0.33029612756264237
0,82,22.32142857,0,0,0,0,0,1,10.96089284,0,0,0,0,0,1,54.04530744,0,0,0,0,0,1,0.0,0,0,0,0,0,1,2.016255543,0,0,0,0,0,1,10.469447,0,0,0,0,0,1,100.0,1,1,0,0,0,0,0.180180337,0,0,0,0,0,1,12.07081345,0,0,0,0,0,1,2.016255543,0,0,0,0,0,1,2.016255543,0,0,0,0,0,1,21.22335496,0,0,0,0,1,0,0.02437913,0.123809524,3.1332912189999997,1.305217589,0.243837754,-0.12626265,0.30708661417322836,0.20588235294117646,0.13630041724617525,0.33029612756264237
0,83,12.5,0,0,0,0,0,1,17.8568188,0,0,0,0,0,1,53.95799677,0,0,0,0,0,1,0.0,0,0,0,0,0,1,1.6035328919999998,0,0,0,0,0,1,17.76328079,0,0,0,0,0,1,100.0,1,1,0,0,0,0,0.101769842,0,0,0,0,0,1,15.77606257,0,0,0,0,0,1,1.6035328919999998,0,0,0,0,0,1,1.6035328919999998,0,0,0,0,0,1,21.23178027,0,0,0,0,1,0,0.02437913,0.123809524,3.1332912189999997,1.305217589,0.243837754,-0.12626265,0.30708661417322836,0.20588235294117646,0.13630041724617525,0.33029612756264237
0,84,12.05357143,0,0,0,0,0,1,16.42319209,0,0,0,0,0,1,53.44,0,0,0,0,0,1,0.0,0,0,0,0,0,1,0.664412349,0,0,0,0,0,1,15.67981387,0,0,0,0,0,1,100.0,1,1,0,0,0,0,0.080548179,0,0,0,0,0,1,15.12424787,0,0,0,0,0,1,0.664412349,0,0,0,0,0,1,0.664412349,0,0,0,0,0,1,21.28233213,0,0,0,0,1,0,0.02437913,0.123809524,3.1332912189999997,1.305217589,0.243837754,-0.12626265,0.30708661417322836,0.20588235294117646,0.13630041724617525,0.33029612756264237
0,85,19.73214286,0,0,0,0,0,1,39.96007622,0,0,1,0,0,0,71.06382979,0,0,0,0,1,0,6.6703380260000005,0,0,0,0,1,0,8.706853028,0,0,0,0,1,0,40.33649334,0,0,1,0,0,0,24.73684211,0,0,0,0,1,0,15.07899905,0,1,0,1,0,0,37.60797539,0,0,1,0,0,0,8.706853028,0,0,0,0,1,0,8.706853028,0,0,0,0,1,0,19.09175162,0,0,0,0,0,1,0.02437913,0.123809524,3.1332912189999997,1.305217589,0.243837754,-0.12626265,0.30708661417322836,0.20588235294117646,0.13630041724617525,0.33029612756264237
0,86,10.71428571,0,0,0,0,0,1,14.63569549,0,0,0,0,0,1,52.931854200000004,0,0,0,0,0,1,0.0,0,0,0,0,0,1,0.359175391,0,0,0,0,0,1,13.43669223,0,0,0,0,0,1,100.0,1,1,0,0,0,0,0.05703296099999999,0,0,0,0,0,1,15.50036943,0,0,0,0,0,1,0.359175391,0,0,0,0,0,1,0.359175391,0,0,0,0,0,1,21.33288398,0,0,0,0,1,0,0.02437913,0.123809524,3.1332912189999997,1.305217589,0.243837754,-0.12626265,0.30708661417322836,0.20588235294117646,0.13630041724617525,0.33029612756264237
0,87,20.53571429,0,0,0,0,0,1,8.610833863,0,0,0,0,0,1,53.69774920000001,0,0,0,0,0,1,0.0,0,0,0,0,0,1,4.08934741,0,0,0,0,0,1,8.718797318,0,0,0,0,0,1,100.0,1,1,0,0,0,0,0.139430157,0,0,0,0,0,1,8.971430300000002,0,0,0,0,0,1,4.08934741,0,0,0,0,0,1,4.08934741,0,0,0,0,0,1,21.2570562,0,0,0,0,1,0,0.02437913,0.123809524,3.1332912189999997,1.305217589,0.243837754,-0.12626265,0.30708661417322836,0.20588235294117646,0.13630041724617525,0.33029612756264237
1,88,52.38095238,0,0,0,0,1,0,9.826694492,0,0,0,0,0,1,64.72868217,0,0,0,0,1,0,0.0,0,0,0,0,0,1,4.384248383,0,0,0,0,0,1,11.22487091,0,0,0,0,0,1,100.0,1,1,0,0,0,0,1.677769307,0,0,0,0,0,1,9.142974556,0,0,0,0,0,1,4.384248383,0,0,0,0,0,1,4.384248383,0,0,0,0,0,1,20.36397338,0,0,0,0,0,1,0.02437913,0.123809524,3.1332912189999997,1.305217589,0.243837754,-0.12626265,0.30708661417322836,0.20588235294117646,0.13630041724617525,0.33029612756264237
0,89,12.5,0,0,0,0,0,1,8.991924508,0,0,0,0,0,1,5.904163623,0,0,0,0,0,1,0.0,0,0,0,0,0,1,1.95e-14,0,0,0,0,0,1,8.364430921,0,0,0,0,0,1,100.0,1,1,0,0,0,0,0.004867188,0,0,0,0,0,1,11.79967356,0,0,0,0,0,1,4.0300000000000004e-16,0,0,0,0,0,1,4.0300000000000004e-16,0,0,0,0,0,1,16.1850198,0,0,0,0,0,1,0.02437913,0.123809524,3.1332912189999997,1.305217589,0.243837754,-0.12626265,0.30708661417322836,0.20588235294117646,0.13630041724617525,0.33029612756264237
0,90,10.71428571,0,0,0,0,0,1,16.74984121,0,0,0,0,0,1,49.04552129,0,0,0,0,0,1,0.0,0,0,0,0,0,1,0.406838903,0,0,0,0,0,1,15.56547454,0,0,0,0,0,1,100.0,1,1,0,0,0,0,0.046791959,0,0,0,0,0,1,16.73853998,0,0,0,0,0,1,0.406838903,0,0,0,0,0,1,0.406838903,0,0,0,0,0,1,21.75414946,0,0,0,0,1,0,0.02437913,0.123809524,3.1332912189999997,1.305217589,0.243837754,-0.12626265,0.30708661417322836,0.20588235294117646,0.13630041724617525,0.33029612756264237
0,91,11.30952381,0,0,0,0,0,1,14.66291625,0,0,0,0,0,1,46.13259669,0,0,0,0,0,1,0.0,0,0,0,0,0,1,0.884652381,0,0,0,0,0,1,14.15511752,0,0,0,0,0,1,100.0,1,1,0,0,0,0,0.019274556,0,0,0,0,0,1,15.09767419,0,0,0,0,0,1,0.884652381,0,0,0,0,0,1,0.884652381,0,0,0,0,0,1,22.11643778,0,0,0,0,1,0,0.02437913,0.123809524,3.1332912189999997,1.305217589,0.243837754,-0.12626265,0.30708661417322836,0.20588235294117646,0.13630041724617525,0.33029612756264237
0,92,59.52380952,0,0,0,0,1,0,14.145721799999999,0,0,0,0,0,1,67.06827309,0,0,0,0,1,0,0.0,0,0,0,0,0,1,28.21123935,0,0,1,0,0,0,20.39874635,0,0,0,0,1,0,100.0,1,1,0,0,0,0,1.440191003,0,0,0,0,0,1,13.6128666,0,0,0,0,0,1,28.21123935,0,1,0,1,0,0,28.21123935,0,1,0,1,0,0,20.2123178,0,0,0,0,0,1,0.02437913,0.123809524,3.1332912189999997,1.305217589,0.243837754,-0.12626265,0.30708661417322836,0.20588235294117646,0.13630041724617525,0.33029612756264237
0,93,77.38095238,0,1,0,1,0,0,6.596497595,0,0,0,0,0,1,71.06382979,0,0,0,0,1,0,0.0,0,0,0,0,0,1,4.0092819230000005,0,0,0,0,0,1,9.330106426,0,0,0,0,0,1,100.0,1,1,0,0,0,0,2.596088988,0,0,0,0,1,0,5.977900472000001,0,0,0,0,0,1,4.0092819230000005,0,0,0,0,0,1,4.0092819230000005,0,0,0,0,0,1,19.97640913,0,0,0,0,0,1,0.02437913,0.123809524,3.1332912189999997,1.305217589,0.243837754,-0.12626265,0.30708661417322836,0.20588235294117646,0.13630041724617525,0.33029612756264237
0,94,20.08928571,0,0,0,0,0,1,15.933218400000001,0,0,0,0,0,1,53.10015898,0,0,0,0,0,1,0.0,0,0,0,0,0,1,1.8774112269999998,0,0,0,0,0,1,15.77534965,0,0,0,0,0,1,100.0,1,1,0,0,0,0,0.313047896,0,0,0,0,0,1,15.27070775,0,0,0,0,0,1,1.8774112269999998,0,0,0,0,0,1,1.8774112269999998,0,0,0,0,0,1,21.31603336,0,0,0,0,1,0,0.02437913,0.123809524,3.1332912189999997,1.305217589,0.243837754,-0.12626265,0.30708661417322836,0.20588235294117646,0.13630041724617525,0.33029612756264237
0,95,33.67346939,0,0,0,0,1,0,20.17058343,0,0,0,0,1,0,66.26984127,0,0,0,0,1,0,0.055827839000000004,0,0,0,0,1,0,3.606755516,0,0,0,0,0,1,20.32107258,0,0,0,0,1,0,71.42857143,0,1,0,1,0,0,4.2154736569999995,0,0,0,0,1,0,18.82200842,0,0,0,0,1,0,3.606755516,0,0,0,0,0,1,3.606755516,0,0,0,0,0,1,20.26286966,0,0,0,0,0,1,0.02437913,0.123809524,3.1332912189999997,1.305217589,0.243837754,-0.12626265,0.30708661417322836,0.20588235294117646,0.13630041724617525,0.33029612756264237
0,96,47.02380952,0,0,0,0,1,0,13.92795572,0,0,0,0,0,1,65.36203523,0,0,0,0,1,0,0.0,0,0,0,0,0,1,4.117991814,0,0,0,0,0,1,14.44607382,0,0,0,0,0,1,100.0,1,1,0,0,0,0,1.2766911840000001,0,0,0,0,0,1,13.38956085,0,0,0,0,0,1,4.117991814,0,0,0,0,0,1,4.117991814,0,0,0,0,0,1,20.32184683,0,0,0,0,0,1,0.02437913,0.123809524,3.1332912189999997,1.305217589,0.243837754,-0.12626265,0.30708661417322836,0.20588235294117646,0.13630041724617525,0.33029612756264237
0,97,11.16071429,0,0,0,0,0,1,16.87687143,0,0,0,0,0,1,50.22556391,0,0,0,0,0,1,0.0,0,0,0,0,0,1,0.5505167670000001,0,0,0,0,0,1,15.9740646,0,0,0,0,0,1,100.0,1,1,0,0,0,0,0.070767871,0,0,0,0,0,1,16.44121905,0,0,0,0,0,1,0.5505167670000001,0,0,0,0,0,1,0.5505167670000001,0,0,0,0,0,1,21.61934451,0,0,0,0,1,0,0.02437913,0.123809524,3.1332912189999997,1.305217589,0.243837754,-0.12626265,0.30708661417322836,0.20588235294117646,0.13630041724617525,0.33029612756264237
0,98,17.11309524,0,0,0,0,0,1,28.04645676,0,0,0,0,1,0,66.8,0,0,0,0,1,0,9.178322261,0,0,0,0,1,0,4.513660863,0,0,0,0,1,0,27.27494058,0,0,0,0,1,0,33.33333333,0,0,0,0,1,0,2.234478868,0,0,0,0,1,0,27.31799778,0,0,0,0,1,0,4.513660863,0,0,0,0,1,0,4.513660863,0,0,0,0,1,0,43.044906899999994,0,0,1,0,0,0,0.02437913,0.123809524,3.1332912189999997,1.305217589,0.243837754,-0.12626265,0.30708661417322836,0.20588235294117646,0.13630041724617525,0.33029612756264237
0,99,39.28571429,0,0,0,0,1,0,22.08511024,0,0,0,0,1,0,67.61133603,0,0,0,0,1,0,0.057275227000000005,0,0,0,0,1,0,5.693874922000001,0,0,0,0,1,0,22.28317568,0,0,0,0,1,0,80.0,0,1,0,1,0,0,2.280876688,0,0,0,0,1,0,21.15936272,0,0,0,0,1,0,5.693874922000001,0,0,0,0,1,0,5.693874922000001,0,0,0,0,1,0,20.17861656,0,0,0,0,0,1,0.02437913,0.123809524,3.1332912189999997,1.305217589,0.243837754,-0.12626265,0.30708661417322836,0.20588235294117646,0.13630041724617525,0.33029612756264237
0,100,38.83928571,0,0,0,0,1,0,13.61945377,0,0,0,0,0,1,64.1074856,0,0,0,0,1,0,0.0,0,0,0,0,0,1,3.2408587489999996,0,0,0,0,0,1,13.894231699999999,0,0,0,0,0,1,100.0,1,1,0,0,0,0,1.17814394,0,0,0,0,0,1,13.28439642,0,0,0,0,0,1,3.2408587489999996,0,0,0,0,0,1,3.2408587489999996,0,0,0,0,0,1,20.40609992,0,0,0,0,0,1,0.02437913,0.123809524,3.1332912189999997,1.305217589,0.243837754,-0.12626265,0.30708661417322836,0.20588235294117646,0.13630041724617525,0.33029612756264237
0,101,30.35714286,0,0,0,0,1,0,9.073586789,0,0,0,0,0,1,51.54320988,0,0,0,0,0,1,0.0,0,0,0,0,0,1,33.0362816,0,1,0,1,0,0,15.17676157,0,0,0,0,0,1,0.0,0,0,0,0,1,0,0.023058742000000004,0,0,0,0,0,1,8.94863586,0,0,0,0,0,1,33.0362816,0,1,0,1,0,0,33.0362816,0,1,0,1,0,0,21.47611425,0,0,0,0,1,0,0.02437913,0.123809524,3.1332912189999997,1.305217589,0.243837754,-0.12626265,0.30708661417322836,0.20588235294117646,0.13630041724617525,0.33029612756264237
0,102,68.45238095,0,1,0,1,0,0,11.07884947,0,0,0,0,0,1,70.31578947,0,0,0,0,1,0,0.0,0,0,0,0,0,1,3.156224939,0,0,0,0,0,1,11.51271918,0,0,0,0,0,1,100.0,1,1,0,0,0,0,2.067036987,0,0,0,0,1,0,12.26468881,0,0,0,0,0,1,3.156224939,0,0,0,0,0,1,3.156224939,0,0,0,0,0,1,20.01853568,0,0,0,0,0,1,0.02437913,0.123809524,3.1332912189999997,1.305217589,0.243837754,-0.12626265,0.30708661417322836,0.20588235294117646,0.13630041724617525,0.33029612756264237
0,103,43.30357143,0,0,0,0,1,0,14.76272571,0,0,0,0,0,1,65.36203523,0,0,0,0,1,0,0.0,0,0,0,0,0,1,2.582919202,0,0,0,0,0,1,14.81729011,0,0,0,0,0,1,100.0,1,1,0,0,0,0,1.9326898190000001,0,0,0,0,1,0,13.82632552,0,0,0,0,0,1,2.582919202,0,0,0,0,0,1,2.582919202,0,0,0,0,0,1,20.32184683,0,0,0,0,0,1,0.02437913,0.123809524,3.1332912189999997,1.305217589,0.243837754,-0.12626265,0.30708661417322836,0.20588235294117646,0.13630041724617525,0.33029612756264237
0,104,1.785714286,0,0,0,0,0,1,9.073586789,0,0,0,0,0,1,0.9758948140000001,0,0,0,0,0,1,0.0,0,0,0,0,0,1,2.04e-14,0,0,0,0,0,1,7.564461068,0,0,0,0,0,1,0.0,0,0,0,0,1,0,0.0008679610000000001,0,0,0,0,0,1,17.32264982,0,0,0,0,0,1,4.08e-16,0,0,0,0,0,1,4.08e-16,0,0,0,0,0,1,16.02493892,0,0,0,0,0,1,0.02437913,0.123809524,3.1332912189999997,1.305217589,0.243837754,-0.12626265,0.30708661417322836,0.20588235294117646,0.13630041724617525,0.33029612756264237
0,105,44.04761905,0,0,0,0,1,0,12.05879684,0,0,0,0,0,1,63.49809886,0,0,0,0,1,0,0.0,0,0,0,0,0,1,3.0795592660000004,0,0,0,0,0,1,12.2000969,0,0,0,0,0,1,100.0,1,1,0,0,0,0,0.9033677520000001,0,0,0,0,0,1,12.28832384,0,0,0,0,0,1,3.0795592660000004,0,0,0,0,0,1,3.0795592660000004,0,0,0,0,0,1,20.44822647,0,0,0,0,0,1,0.02437913,0.123809524,3.1332912189999997,1.305217589,0.243837754,-0.12626265,0.30708661417322836,0.20588235294117646,0.13630041724617525,0.33029612756264237
0,106,11.60714286,0,0,0,0,0,1,11.55974957,0,0,0,0,0,1,5.904163623,0,0,0,0,0,1,0.0,0,0,0,0,0,1,1.59e-14,0,0,0,0,0,1,10.71768436,0,0,0,0,0,1,100.0,1,1,0,0,0,0,0.004476427,0,0,0,0,0,1,15.29998502,0,0,0,0,0,1,4.0099999999999996e-16,0,0,0,0,0,1,4.0099999999999996e-16,0,0,0,0,0,1,16.1850198,0,0,0,0,0,1,0.02437913,0.123809524,3.1332912189999997,1.305217589,0.243837754,-0.12626265,0.30708661417322836,0.20588235294117646,0.13630041724617525,0.33029612756264237
0,107,8.928571429,0,0,0,0,0,1,16.66817893,0,0,0,0,0,1,5.20477234,0,0,0,0,0,1,0.0,0,0,0,0,0,1,1.56e-15,0,0,0,0,0,1,15.39868217,0,0,0,0,0,1,100.0,1,1,0,0,0,0,0.019018266000000002,0,0,0,0,0,1,16.62363469,0,0,0,0,0,1,4.08e-16,0,0,0,0,0,1,4.08e-16,0,0,0,0,0,1,16.11761732,0,0,0,0,0,1,0.02437913,0.123809524,3.1332912189999997,1.305217589,0.243837754,-0.12626265,0.30708661417322836,0.20588235294117646,0.13630041724617525,0.33029612756264237
0,108,12.5,0,0,0,0,0,1,17.8568188,0,0,0,0,0,1,53.95799677,0,0,0,0,0,1,0.0,0,0,0,0,0,1,1.6035328919999998,0,0,0,0,0,1,17.76328079,0,0,0,0,0,1,100.0,1,1,0,0,0,0,0.101769842,0,0,0,0,0,1,15.77606257,0,0,0,0,0,1,1.6035328919999998,0,0,0,0,0,1,1.6035328919999998,0,0,0,0,0,1,21.23178027,0,0,0,0,1,0,0.02437913,0.123809524,3.1332912189999997,1.305217589,0.243837754,-0.12626265,0.30708661417322836,0.20588235294117646,0.13630041724617525,0.33029612756264237
0,109,16.96428571,0,0,0,0,0,1,18.4738227,0,0,0,0,1,0,56.41891892,0,0,0,0,0,1,0.0,0,0,0,0,0,1,2.491431261,0,0,0,0,0,1,19.24795974,0,0,0,0,1,0,100.0,1,1,0,0,0,0,0.22765437800000002,0,0,0,0,0,1,16.17361352,0,0,0,0,0,1,2.491431261,0,0,0,0,0,1,2.491431261,0,0,0,0,0,1,21.00429691,0,0,0,0,1,0,0.02437913,0.123809524,3.1332912189999997,1.305217589,0.243837754,-0.12626265,0.30708661417322836,0.20588235294117646,0.13630041724617525,0.33029612756264237
0,110,8.928571429,0,0,0,0,0,1,12.42174031,0,0,0,0,0,1,42.60204082,0,0,0,0,0,1,0.0,0,0,0,0,0,1,0.066247757,0,0,0,0,0,1,11.28567139,0,0,0,0,0,1,100.0,1,1,0,0,0,0,0.004969555,0,0,0,0,0,1,14.43448167,0,0,0,0,0,1,0.066247757,0,0,0,0,0,1,0.066247757,0,0,0,0,0,1,22.62195636,0,0,0,0,1,0,0.02437913,0.123809524,3.1332912189999997,1.305217589,0.243837754,-0.12626265,0.30708661417322836,0.20588235294117646,0.13630041724617525,0.33029612756264237
0,111,10.71428571,0,0,0,0,0,1,16.0058071,0,0,0,0,0,1,52.931854200000004,0,0,0,0,0,1,0.0,0,0,0,0,0,1,0.68655378,0,0,0,0,0,1,15.18459781,0,0,0,0,0,1,100.0,1,1,0,0,0,0,0.05703296099999999,0,0,0,0,0,1,16.09024074,0,0,0,0,0,1,0.68655378,0,0,0,0,0,1,0.68655378,0,0,0,0,0,1,21.33288398,0,0,0,0,1,0,0.02437913,0.123809524,3.1332912189999997,1.305217589,0.243837754,-0.12626265,0.30708661417322836,0.20588235294117646,0.13630041724617525,0.33029612756264237
0,112,47.02380952,0,0,0,0,1,0,13.92795572,0,0,0,0,0,1,65.36203523,0,0,0,0,1,0,0.0,0,0,0,0,0,1,4.117991814,0,0,0,0,0,1,14.44607382,0,0,0,0,0,1,100.0,1,1,0,0,0,0,1.2766911840000001,0,0,0,0,0,1,13.38956085,0,0,0,0,0,1,4.117991814,0,0,0,0,0,1,4.117991814,0,0,0,0,0,1,20.32184683,0,0,0,0,0,1,0.02437913,0.123809524,3.1332912189999997,1.305217589,0.243837754,-0.12626265,0.30708661417322836,0.20588235294117646,0.13630041724617525,0.33029612756264237
0,113,10.71428571,0,0,0,0,0,1,16.0058071,0,0,0,0,0,1,52.931854200000004,0,0,0,0,0,1,0.0,0,0,0,0,0,1,0.68655378,0,0,0,0,0,1,15.18459781,0,0,0,0,0,1,100.0,1,1,0,0,0,0,0.05703296099999999,0,0,0,0,0,1,16.09024074,0,0,0,0,0,1,0.68655378,0,0,0,0,0,1,0.68655378,0,0,0,0,0,1,21.33288398,0,0,0,0,1,0,0.02437913,0.123809524,3.1332912189999997,1.305217589,0.243837754,-0.12626265,0.30708661417322836,0.20588235294117646,0.13630041724617525,0.33029612756264237
0,114,54.01785714,0,0,0,0,1,0,15.044006900000001,0,0,0,0,0,1,70.46413502,0,0,0,0,1,0,0.0,0,0,0,0,0,1,4.780373578,0,0,0,0,1,0,15.88339931,0,0,0,0,0,1,100.0,1,1,0,0,0,0,2.513470861,0,0,0,0,1,0,15.22462398,0,0,0,0,0,1,4.780373578,0,0,0,0,1,0,4.780373578,0,0,0,0,1,0,20.01011037,0,0,0,0,0,1,0.02437913,0.123809524,3.1332912189999997,1.305217589,0.243837754,-0.12626265,0.30708661417322836,0.20588235294117646,0.13630041724617525,0.33029612756264237
0,115,20.08928571,0,0,0,0,0,1,15.933218400000001,0,0,0,0,0,1,53.10015898,0,0,0,0,0,1,0.0,0,0,0,0,0,1,1.8774112269999998,0,0,0,0,0,1,15.77534965,0,0,0,0,0,1,100.0,1,1,0,0,0,0,0.313047896,0,0,0,0,0,1,15.27070775,0,0,0,0,0,1,1.8774112269999998,0,0,0,0,0,1,1.8774112269999998,0,0,0,0,0,1,21.31603336,0,0,0,0,1,0,0.02437913,0.123809524,3.1332912189999997,1.305217589,0.243837754,-0.12626265,0.30708661417322836,0.20588235294117646,0.13630041724617525,0.33029612756264237
0,116,48.21428571,0,0,0,0,1,0,14.15479539,0,0,0,0,0,1,67.47474747,0,0,0,0,1,0,0.0,0,0,0,0,0,1,4.902143936,0,0,0,0,1,0,15.79038577,0,0,0,0,0,1,100.0,1,1,0,0,0,0,2.041810455,0,0,0,0,1,0,13.21387365,0,0,0,0,0,1,4.902143936,0,0,0,0,1,0,4.902143936,0,0,0,0,1,0,20.18704187,0,0,0,0,0,1,0.02437913,0.123809524,3.1332912189999997,1.305217589,0.243837754,-0.12626265,0.30708661417322836,0.20588235294117646,0.13630041724617525,0.33029612756264237
0,117,30.35714286,0,0,0,0,1,0,9.073586789,0,0,0,0,0,1,51.54320988,0,0,0,0,0,1,0.0,0,0,0,0,0,1,33.0362816,0,1,0,1,0,0,15.17676157,0,0,0,0,0,1,0.0,0,0,0,0,1,0,0.023058742000000004,0,0,0,0,0,1,8.94863586,0,0,0,0,0,1,33.0362816,0,1,0,1,0,0,33.0362816,0,1,0,1,0,0,21.47611425,0,0,0,0,1,0,0.02437913,0.123809524,3.1332912189999997,1.305217589,0.243837754,-0.12626265,0.30708661417322836,0.20588235294117646,0.13630041724617525,0.33029612756264237
1,118,14.09161491,0,0,0,0,0,1,70.83749206,0,1,0,1,0,0,88.12664908,0,1,0,1,0,0,67.96054798,0,1,0,1,0,0,19.57520595,0,0,1,0,0,0,72.13772975,0,1,0,1,0,0,8.309178744,0,0,0,0,1,0,42.99955243,0,1,0,1,0,0,70.62465298,0,1,0,1,0,0,19.57520595,0,0,1,0,0,0,19.57520595,0,0,1,0,0,0,26.53130003,0,0,0,0,1,0,0.02437913,0.123809524,3.1332912189999997,1.305217589,0.243837754,-0.12626265,0.30708661417322836,0.20588235294117646,0.13630041724617525,0.33029612756264237
0,119,38.83928571,0,0,0,0,1,0,14.63569549,0,0,0,0,0,1,64.1074856,0,0,0,0,1,0,0.0,0,0,0,0,0,1,2.906316864,0,0,0,0,0,1,15.05720183,0,0,0,0,0,1,100.0,1,1,0,0,0,0,1.17814394,0,0,0,0,0,1,13.96735931,0,0,0,0,0,1,2.906316864,0,0,0,0,0,1,2.906316864,0,0,0,0,0,1,20.40609992,0,0,0,0,0,1,0.02437913,0.123809524,3.1332912189999997,1.305217589,0.243837754,-0.12626265,0.30708661417322836,0.20588235294117646,0.13630041724617525,0.33029612756264237
0,120,36.60714286,0,0,0,0,1,0,19.51728518,0,0,0,0,1,0,66.13861386,0,0,0,0,1,0,0.126755242,0,0,0,0,1,0,9.365783768,0,0,0,0,1,0,23.32447623,0,0,0,0,1,0,66.66666667,0,0,1,0,0,0,3.419355832,0,0,0,0,1,0,18.26459517,0,0,0,0,1,0,9.365783768,0,0,0,0,1,0,9.365783768,0,0,0,0,1,0,20.27129497,0,0,0,0,0,1,0.02437913,0.123809524,3.1332912189999997,1.305217589,0.243837754,-0.12626265,0.30708661417322836,0.20588235294117646,0.13630041724617525,0.33029612756264237
0,121,11.16071429,0,0,0,0,0,1,16.87687143,0,0,0,0,0,1,50.22556391,0,0,0,0,0,1,0.0,0,0,0,0,0,1,0.5505167670000001,0,0,0,0,0,1,15.9740646,0,0,0,0,0,1,100.0,1,1,0,0,0,0,0.070767871,0,0,0,0,0,1,16.44121905,0,0,0,0,0,1,0.5505167670000001,0,0,0,0,0,1,0.5505167670000001,0,0,0,0,0,1,21.61934451,0,0,0,0,1,0,0.02437913,0.123809524,3.1332912189999997,1.305217589,0.243837754,-0.12626265,0.30708661417322836,0.20588235294117646,0.13630041724617525,0.33029612756264237
0,122,15.17857143,0,0,0,0,0,1,17.031122399999997,0,0,0,0,0,1,55.38971808,0,0,0,0,0,1,0.0,0,0,0,0,0,1,1.2938702659999999,0,0,0,0,0,1,16.59939988,0,0,0,0,0,1,100.0,1,1,0,0,0,0,0.185326386,0,0,0,0,0,1,15.71534569,0,0,0,0,0,1,1.2938702659999999,0,0,0,0,0,1,1.2938702659999999,0,0,0,0,0,1,21.09697531,0,0,0,0,1,0,0.02437913,0.123809524,3.1332912189999997,1.305217589,0.243837754,-0.12626265,0.30708661417322836,0.20588235294117646,0.13630041724617525,0.33029612756264237
0,123,22.02380952,0,0,0,0,0,1,12.31285727,0,0,0,0,0,1,54.84400657,0,0,0,0,0,1,0.0,0,0,0,0,0,1,11.23691124,0,0,0,0,1,0,12.72803922,0,0,0,0,0,1,100.0,1,1,0,0,0,0,0.199248955,0,0,0,0,0,1,12.97777133,0,0,0,0,0,1,11.23691124,0,0,0,0,1,0,11.23691124,0,0,0,0,1,0,21.14752717,0,0,0,0,1,0,0.02437913,0.123809524,3.1332912189999997,1.305217589,0.243837754,-0.12626265,0.30708661417322836,0.20588235294117646,0.13630041724617525,0.33029612756264237
0,124,10.71428571,0,0,0,0,0,1,16.56836948,0,0,0,0,0,1,49.04552129,0,0,0,0,0,1,0.0,0,0,0,0,0,1,0.38176979899999997,0,0,0,0,0,1,15.38511689,0,0,0,0,0,1,100.0,1,1,0,0,0,0,0.046791959,0,0,0,0,0,1,16.56121181,0,0,0,0,0,1,0.38176979899999997,0,0,0,0,0,1,0.38176979899999997,0,0,0,0,0,1,21.75414946,0,0,0,0,1,0,0.02437913,0.123809524,3.1332912189999997,1.305217589,0.243837754,-0.12626265,0.30708661417322836,0.20588235294117646,0.13630041724617525,0.33029612756264237
0,125,33.92857143,0,0,0,0,1,0,25.50585246,0,0,0,0,1,0,72.92576419,0,0,1,0,0,0,3.157574836,0,0,0,0,1,0,10.29405818,0,0,0,0,1,0,28.36926003,0,0,0,0,1,0,44.44444444,0,0,0,0,1,0,8.183442272999999,0,0,0,0,1,0,24.19953786,0,0,0,0,1,0,10.29405818,0,0,0,0,1,0,10.29405818,0,0,0,0,1,0,18.29977252,0,0,0,0,0,1,0.02437913,0.123809524,3.1332912189999997,1.305217589,0.243837754,-0.12626265,0.30708661417322836,0.20588235294117646,0.13630041724617525,0.33029612756264237
0,126,30.35714286,0,0,0,0,1,0,9.073586789,0,0,0,0,0,1,51.54320988,0,0,0,0,0,1,0.0,0,0,0,0,0,1,33.0362816,0,1,0,1,0,0,15.17676157,0,0,0,0,0,1,0.0,0,0,0,0,1,0,0.023058742000000004,0,0,0,0,0,1,8.94863586,0,0,0,0,0,1,33.0362816,0,1,0,1,0,0,33.0362816,0,1,0,1,0,0,21.47611425,0,0,0,0,1,0,0.02437913,0.123809524,3.1332912189999997,1.305217589,0.243837754,-0.12626265,0.30708661417322836,0.20588235294117646,0.13630041724617525,0.33029612756264237
1,127,12.79761905,0,0,0,0,0,1,44.94147537,0,1,0,1,0,0,61.62361624,0,0,0,0,1,0,12.38137402,0,0,1,0,0,0,5.339026846,0,0,0,0,1,0,42.63342861,0,0,1,0,0,0,22.72727273,0,0,0,0,1,0,0.877506383,0,0,0,0,0,1,44.74369633,0,0,1,0,0,0,5.339026846,0,0,0,0,1,0,5.339026846,0,0,0,0,1,0,50.85516893,0,1,0,1,0,0,0.02437913,0.123809524,3.1332912189999997,1.305217589,0.243837754,-0.12626265,0.30708661417322836,0.20588235294117646,0.13630041724617525,0.33029612756264237
0,128,30.35714286,0,0,0,0,1,0,9.073586789,0,0,0,0,0,1,51.54320988,0,0,0,0,0,1,0.0,0,0,0,0,0,1,33.0362816,0,1,0,1,0,0,15.17676157,0,0,0,0,0,1,0.0,0,0,0,0,1,0,0.023058742000000004,0,0,0,0,0,1,8.94863586,0,0,0,0,0,1,33.0362816,0,1,0,1,0,0,33.0362816,0,1,0,1,0,0,21.47611425,0,0,0,0,1,0,0.02437913,0.123809524,3.1332912189999997,1.305217589,0.243837754,-0.12626265,0.30708661417322836,0.20588235294117646,0.13630041724617525,0.33029612756264237
0,129,17.1875,0,0,0,0,0,1,20.40649669,0,0,0,0,1,0,60.18018018,0,0,0,0,0,1,3.569172824,0,0,0,0,1,0,2.36240926,0,0,0,0,0,1,21.50604438,0,0,0,0,1,0,42.85714286,0,0,0,0,1,0,0.8105350309999999,0,0,0,0,0,1,18.55656171,0,0,0,0,1,0,2.36240926,0,0,0,0,0,1,2.36240926,0,0,0,0,0,1,19.86688011,0,0,0,0,0,1,0.02437913,0.123809524,3.1332912189999997,1.305217589,0.243837754,-0.12626265,0.30708661417322836,0.20588235294117646,0.13630041724617525,0.33029612756264237
0,130,14.03061224,0,0,0,0,0,1,23.87260684,0,0,0,0,1,0,57.5862069,0,0,0,0,0,1,1.042828582,0,0,0,0,1,0,1.331899771,0,0,0,0,0,1,22.342612600000002,0,0,0,0,1,0,57.14285714,0,0,0,0,1,0,0.435877766,0,0,0,0,0,1,23.42250185,0,0,0,0,1,0,1.331899771,0,0,0,0,0,1,1.331899771,0,0,0,0,0,1,20.90319319,0,0,0,0,1,0,0.02437913,0.123809524,3.1332912189999997,1.305217589,0.243837754,-0.12626265,0.30708661417322836,0.20588235294117646,0.13630041724617525,0.33029612756264237
0,131,60.71428571,0,0,0,0,1,0,10.60702296,0,0,0,0,0,1,64.60348162,0,0,0,0,1,0,0.0,0,0,0,0,0,1,2.8966707680000003,0,0,0,0,0,1,10.81550416,0,0,0,0,0,1,100.0,1,1,0,0,0,0,0.758940108,0,0,0,0,0,1,12.72493982,0,0,0,0,0,1,2.8966707680000003,0,0,0,0,0,1,2.8966707680000003,0,0,0,0,0,1,20.37239869,0,0,0,0,0,1,0.02437913,0.123809524,3.1332912189999997,1.305217589,0.243837754,-0.12626265,0.30708661417322836,0.20588235294117646,0.13630041724617525,0.33029612756264237
0,132,1.785714286,0,0,0,0,0,1,9.073586789,0,0,0,0,0,1,0.9758948140000001,0,0,0,0,0,1,0.0,0,0,0,0,0,1,2.04e-14,0,0,0,0,0,1,7.564461068,0,0,0,0,0,1,0.0,0,0,0,0,1,0,0.0008679610000000001,0,0,0,0,0,1,17.32264982,0,0,0,0,0,1,4.08e-16,0,0,0,0,0,1,4.08e-16,0,0,0,0,0,1,16.02493892,0,0,0,0,0,1,0.02437913,0.123809524,3.1332912189999997,1.305217589,0.243837754,-0.12626265,0.30708661417322836,0.20588235294117646,0.13630041724617525,0.33029612756264237
0,133,10.71428571,0,0,0,0,0,1,16.56836948,0,0,0,0,0,1,49.04552129,0,0,0,0,0,1,0.0,0,0,0,0,0,1,0.38176979899999997,0,0,0,0,0,1,15.38511689,0,0,0,0,0,1,100.0,1,1,0,0,0,0,0.046791959,0,0,0,0,0,1,16.56121181,0,0,0,0,0,1,0.38176979899999997,0,0,0,0,0,1,0.38176979899999997,0,0,0,0,0,1,21.75414946,0,0,0,0,1,0,0.02437913,0.123809524,3.1332912189999997,1.305217589,0.243837754,-0.12626265,0.30708661417322836,0.20588235294117646,0.13630041724617525,0.33029612756264237
0,134,10.71428571,0,0,0,0,0,1,16.0058071,0,0,0,0,0,1,52.931854200000004,0,0,0,0,0,1,0.0,0,0,0,0,0,1,0.68655378,0,0,0,0,0,1,15.18459781,0,0,0,0,0,1,100.0,1,1,0,0,0,0,0.05703296099999999,0,0,0,0,0,1,16.09024074,0,0,0,0,0,1,0.68655378,0,0,0,0,0,1,0.68655378,0,0,0,0,0,1,21.33288398,0,0,0,0,1,0,0.02437913,0.123809524,3.1332912189999997,1.305217589,0.243837754,-0.12626265,0.30708661417322836,0.20588235294117646,0.13630041724617525,0.33029612756264237
0,135,7.142857143,0,0,0,0,0,1,22.06696307,0,0,0,0,1,0,7.80715851,0,0,0,0,0,1,0.198498982,0,0,0,0,1,0,2.52e-14,0,0,0,0,0,1,20.65659699,0,0,0,0,1,0,42.85714286,0,0,0,0,1,0,0.04538442,0,0,0,0,0,1,21.07033986,0,0,0,0,1,0,4.08e-16,0,0,0,0,0,1,4.08e-16,0,0,0,0,0,1,16.35352599,0,0,0,0,0,1,0.02437913,0.123809524,3.1332912189999997,1.305217589,0.243837754,-0.12626265,0.30708661417322836,0.20588235294117646,0.13630041724617525,0.33029612756264237
0,136,35.11904762,0,0,0,0,1,0,11.41457218,0,0,0,0,0,1,59.96409336,0,0,0,0,0,1,0.0,0,0,0,0,0,1,1.627412713,0,0,0,0,0,1,11.29536342,0,0,0,0,0,1,100.0,1,1,0,0,0,0,0.460616191,0,0,0,0,0,1,11.70584192,0,0,0,0,0,1,1.627412713,0,0,0,0,0,1,1.627412713,0,0,0,0,0,1,20.70941107,0,0,0,0,0,1,0.02437913,0.123809524,3.1332912189999997,1.305217589,0.243837754,-0.12626265,0.30708661417322836,0.20588235294117646,0.13630041724617525,0.33029612756264237
0,137,45.0,0,0,0,0,1,0,16.26894111,0,0,0,0,0,1,70.76271186,0,0,0,0,1,0,0.254351884,0,0,0,0,1,0,5.386715229,0,0,0,0,1,0,17.31554929,0,0,0,0,0,1,70.0,0,0,1,0,0,0,2.850161585,0,0,0,0,1,0,16.69510108,0,0,0,0,0,1,5.386715229,0,0,0,0,1,0,5.386715229,0,0,0,0,1,0,19.99325975,0,0,0,0,0,1,0.02437913,0.123809524,3.1332912189999997,1.305217589,0.243837754,-0.12626265,0.30708661417322836,0.20588235294117646,0.13630041724617525,0.33029612756264237
0,138,8.035714286000001,0,0,0,0,0,1,18.36493966,0,0,0,0,1,0,40.73170732,0,0,0,0,0,1,0.0,0,0,0,0,0,1,0.817257225,0,0,0,0,0,1,17.31827764,0,0,0,0,0,1,100.0,1,1,0,0,0,0,0.017624556,0,0,0,0,0,1,18.09915849,0,0,0,0,1,0,0.817257225,0,0,0,0,0,1,0.817257225,0,0,0,0,0,1,22.9252675,0,0,0,0,1,0,0.02437913,0.123809524,3.1332912189999997,1.305217589,0.243837754,-0.12626265,0.30708661417322836,0.20588235294117646,0.13630041724617525,0.33029612756264237
0,139,44.04761905,0,0,0,0,1,0,12.28563651,0,0,0,0,0,1,63.49809886,0,0,0,0,1,0,0.0,0,0,0,0,0,1,3.2022117000000003,0,0,0,0,0,1,12.51984943,0,0,0,0,0,1,100.0,1,1,0,0,0,0,0.9033677520000001,0,0,0,0,0,1,12.52015676,0,0,0,0,0,1,3.2022117000000003,0,0,0,0,0,1,3.2022117000000003,0,0,0,0,0,1,20.44822647,0,0,0,0,0,1,0.02437913,0.123809524,3.1332912189999997,1.305217589,0.243837754,-0.12626265,0.30708661417322836,0.20588235294117646,0.13630041724617525,0.33029612756264237
0,140,22.32142857,0,0,0,0,0,1,10.96089284,0,0,0,0,0,1,54.04530744,0,0,0,0,0,1,0.0,0,0,0,0,0,1,2.016255543,0,0,0,0,0,1,10.469447,0,0,0,0,0,1,100.0,1,1,0,0,0,0,0.180180337,0,0,0,0,0,1,12.07081345,0,0,0,0,0,1,2.016255543,0,0,0,0,0,1,2.016255543,0,0,0,0,0,1,21.22335496,0,0,0,0,1,0,0.02437913,0.123809524,3.1332912189999997,1.305217589,0.243837754,-0.12626265,0.30708661417322836,0.20588235294117646,0.13630041724617525,0.33029612756264237
0,141,11.60714286,0,0,0,0,0,1,11.55974957,0,0,0,0,0,1,5.904163623,0,0,0,0,0,1,0.0,0,0,0,0,0,1,1.79e-14,0,0,0,0,0,1,10.71768436,0,0,0,0,0,1,100.0,1,1,0,0,0,0,0.004476427,0,0,0,0,0,1,15.29998502,0,0,0,0,0,1,4.0099999999999996e-16,0,0,0,0,0,1,4.0099999999999996e-16,0,0,0,0,0,1,16.1850198,0,0,0,0,0,1,0.02437913,0.123809524,3.1332912189999997,1.305217589,0.243837754,-0.12626265,0.30708661417322836,0.20588235294117646,0.13630041724617525,0.33029612756264237
0,142,100.0,1,1,0,0,0,0,12.83005172,0,0,0,0,0,1,70.16806723,0,0,0,0,1,0,0.0,0,0,0,0,0,1,12.4609741,0,0,0,0,1,0,21.77995329,0,0,0,0,1,0,100.0,1,1,0,0,0,0,1.7481544619999998,0,0,0,0,1,0,11.79793912,0,0,0,0,0,1,12.4609741,0,0,0,0,1,0,12.4609741,0,0,0,0,1,0,20.02696099,0,0,0,0,0,1,0.02437913,0.123809524,3.1332912189999997,1.305217589,0.243837754,-0.12626265,0.30708661417322836,0.20588235294117646,0.13630041724617525,0.33029612756264237
0,143,20.53571429,0,0,0,0,0,1,5.072135015,0,0,0,0,0,1,51.94401244,0,0,0,0,0,1,0.0,0,0,0,0,0,1,10.67612106,0,0,0,0,1,0,6.905416084,0,0,0,0,0,1,100.0,1,1,0,0,0,0,0.030529096000000002,0,0,0,0,0,1,5.026086949,0,0,0,0,0,1,10.67612106,0,0,0,0,1,0,10.67612106,0,0,0,0,1,0,21.4339877,0,0,0,0,1,0,0.02437913,0.123809524,3.1332912189999997,1.305217589,0.243837754,-0.12626265,0.30708661417322836,0.20588235294117646,0.13630041724617525,0.33029612756264237
0,144,20.64285714,0,0,0,0,0,1,41.12149533,0,0,1,0,0,0,82.4691358,0,1,0,1,0,0,25.83087407,0,1,0,1,0,0,15.88394621,0,0,1,0,0,0,44.50197718,0,1,0,1,0,0,16.66666667,0,0,0,0,1,0,18.16552014,0,1,0,1,0,0,39.80989774,0,0,1,0,0,0,15.88394621,0,0,1,0,0,0,15.88394621,0,0,1,0,0,0,13.52262196,0,0,0,0,0,1,0.02437913,0.123809524,3.1332912189999997,1.305217589,0.243837754,-0.12626265,0.30708661417322836,0.20588235294117646,0.13630041724617525,0.33029612756264237
0,145,8.035714286000001,0,0,0,0,0,1,17.48480174,0,0,0,0,0,1,45.44217687,0,0,0,0,0,1,0.0,0,0,0,0,0,1,0.503991723,0,0,0,0,0,1,16.3146074,0,0,0,0,0,1,100.0,1,1,0,0,0,0,0.021275977,0,0,0,0,0,1,17.56759324,0,0,0,0,1,0,0.503991723,0,0,0,0,0,1,0.503991723,0,0,0,0,0,1,22.20911619,0,0,0,0,1,0,0.02437913,0.123809524,3.1332912189999997,1.305217589,0.243837754,-0.12626265,0.30708661417322836,0.20588235294117646,0.13630041724617525,0.33029612756264237
0,146,50.44642857,0,0,0,0,1,0,14.66291625,0,0,0,0,0,1,66.26984127,0,0,0,0,1,0,0.0,0,0,0,0,0,1,5.35919774,0,0,0,0,1,0,17.67849342,0,0,0,0,0,1,100.0,1,1,0,0,0,0,2.55385103,0,0,0,0,1,0,12.80770805,0,0,0,0,0,1,5.35919774,0,0,0,0,1,0,5.35919774,0,0,0,0,1,0,20.26286966,0,0,0,0,0,1,0.02437913,0.123809524,3.1332912189999997,1.305217589,0.243837754,-0.12626265,0.30708661417322836,0.20588235294117646,0.13630041724617525,0.33029612756264237
0,147,27.29591837,0,0,0,0,0,1,30.86834226,0,0,0,0,1,0,74.38752784,0,0,1,0,0,0,3.293116108,0,0,0,0,1,0,13.92620773,0,0,0,0,1,0,35.25969695,0,0,0,0,1,0,31.86813187,0,0,0,0,1,0,12.117614300000001,0,0,1,0,0,0,29.44056236,0,0,0,0,1,0,13.92620773,0,0,1,0,0,0,13.92620773,0,0,1,0,0,0,19.79947763,0,0,0,0,0,1,0.02437913,0.123809524,3.1332912189999997,1.305217589,0.243837754,-0.12626265,0.30708661417322836,0.20588235294117646,0.13630041724617525,0.33029612756264237
0,148,62.5,0,0,1,0,0,0,11.36013066,0,0,0,0,0,1,64.60348162,0,0,0,0,1,0,0.0,0,0,0,0,0,1,4.954361819,0,0,0,0,1,0,12.80200942,0,0,0,0,0,1,100.0,1,1,0,0,0,0,0.8199729840000001,0,0,0,0,0,1,11.73936314,0,0,0,0,0,1,4.954361819,0,0,0,0,1,0,4.954361819,0,0,0,0,1,0,20.37239869,0,0,0,0,0,1,0.02437913,0.123809524,3.1332912189999997,1.305217589,0.243837754,-0.12626265,0.30708661417322836,0.20588235294117646,0.13630041724617525,0.33029612756264237
0,149,9.375,0,0,0,0,0,1,18.77325107,0,0,0,0,1,0,46.38888889,0,0,0,0,0,1,0.0,0,0,0,0,0,1,0.657054716,0,0,0,0,0,1,18.08900288,0,0,0,0,0,1,100.0,1,1,0,0,0,0,0.030293566,0,0,0,0,0,1,17.54563295,0,0,0,0,0,1,0.657054716,0,0,0,0,0,1,0.657054716,0,0,0,0,0,1,22.08273654,0,0,0,0,1,0,0.02437913,0.123809524,3.1332912189999997,1.305217589,0.243837754,-0.12626265,0.30708661417322836,0.20588235294117646,0.13630041724617525,0.33029612756264237
0,150,11.60714286,0,0,0,0,0,1,11.55974957,0,0,0,0,0,1,5.904163623,0,0,0,0,0,1,0.0,0,0,0,0,0,1,2.11e-14,0,0,0,0,0,1,10.71768436,0,0,0,0,0,1,100.0,1,1,0,0,0,0,0.004476427,0,0,0,0,0,1,15.29998502,0,0,0,0,0,1,4.0099999999999996e-16,0,0,0,0,0,1,4.0099999999999996e-16,0,0,0,0,0,1,16.1850198,0,0,0,0,0,1,0.02437913,0.123809524,3.1332912189999997,1.305217589,0.243837754,-0.12626265,0.30708661417322836,0.20588235294117646,0.13630041724617525,0.33029612756264237
0,151,61.60714286,0,0,1,0,0,0,9.799473732000001,0,0,0,0,0,1,64.60348162,0,0,0,0,1,0,0.0,0,0,0,0,0,1,3.48193145,0,0,0,0,0,1,10.64505127,0,0,0,0,0,1,100.0,1,1,0,0,0,0,0.769012811,0,0,0,0,0,1,10.98519268,0,0,0,0,0,1,3.48193145,0,0,0,0,0,1,3.48193145,0,0,0,0,0,1,20.37239869,0,0,0,0,0,1,0.02437913,0.123809524,3.1332912189999997,1.305217589,0.243837754,-0.12626265,0.30708661417322836,0.20588235294117646,0.13630041724617525,0.33029612756264237
0,152,50.44642857,0,0,0,0,1,0,7.803284637999999,0,0,0,0,0,1,68.16326531,0,0,0,0,1,0,0.0,0,0,0,0,0,1,1.270860842,0,0,0,0,0,1,8.180798174,0,0,0,0,0,1,100.0,1,1,0,0,0,0,2.125822298,0,0,0,0,1,0,7.6140630289999995,0,0,0,0,0,1,1.270860842,0,0,0,0,0,1,1.270860842,0,0,0,0,0,1,20.14491533,0,0,0,0,0,1,0.02437913,0.123809524,3.1332912189999997,1.305217589,0.243837754,-0.12626265,0.30708661417322836,0.20588235294117646,0.13630041724617525,0.33029612756264237
0,153,30.35714286,0,0,0,0,1,0,9.073586789,0,0,0,0,0,1,51.54320988,0,0,0,0,0,1,0.0,0,0,0,0,0,1,33.0362816,0,1,0,1,0,0,15.17676157,0,0,0,0,0,1,0.0,0,0,0,0,1,0,0.023058742000000004,0,0,0,0,0,1,8.94863586,0,0,0,0,0,1,33.0362816,0,1,0,1,0,0,33.0362816,0,1,0,1,0,0,21.47611425,0,0,0,0,1,0,0.02437913,0.123809524,3.1332912189999997,1.305217589,0.243837754,-0.12626265,0.30708661417322836,0.20588235294117646,0.13630041724617525,0.33029612756264237
0,154,54.01785714,0,0,0,0,1,0,14.23645767,0,0,0,0,0,1,70.46413502,0,0,0,0,1,0,0.0,0,0,0,0,0,1,4.701547027,0,0,0,0,1,0,15.24619407,0,0,0,0,0,1,100.0,1,1,0,0,0,0,2.513470861,0,0,0,0,1,0,14.35490931,0,0,0,0,0,1,4.701547027,0,0,0,0,1,0,4.701547027,0,0,0,0,1,0,20.01011037,0,0,0,0,0,1,0.02437913,0.123809524,3.1332912189999997,1.305217589,0.243837754,-0.12626265,0.30708661417322836,0.20588235294117646,0.13630041724617525,0.33029612756264237
0,155,9.375,0,0,0,0,0,1,18.77325107,0,0,0,0,1,0,46.38888889,0,0,0,0,0,1,0.0,0,0,0,0,0,1,0.657054716,0,0,0,0,0,1,18.08900288,0,0,0,0,0,1,100.0,1,1,0,0,0,0,0.030293566,0,0,0,0,0,1,17.54563295,0,0,0,0,0,1,0.657054716,0,0,0,0,0,1,0.657054716,0,0,0,0,0,1,22.08273654,0,0,0,0,1,0,0.02437913,0.123809524,3.1332912189999997,1.305217589,0.243837754,-0.12626265,0.30708661417322836,0.20588235294117646,0.13630041724617525,0.33029612756264237
0,156,18.45238095,0,0,0,0,0,1,14.39070865,0,0,0,0,0,1,53.18471338,0,0,0,0,0,1,0.40098566700000005,0,0,0,0,1,0,1.801066307,0,0,0,0,0,1,14.32090381,0,0,0,0,0,1,33.33333333,0,0,0,0,1,0,0.10938250000000001,0,0,0,0,0,1,14.65937963,0,0,0,0,0,1,1.801066307,0,0,0,0,0,1,1.801066307,0,0,0,0,0,1,21.27390682,0,0,0,0,1,0,0.02437913,0.123809524,3.1332912189999997,1.305217589,0.243837754,-0.12626265,0.30708661417322836,0.20588235294117646,0.13630041724617525,0.33029612756264237
1,157,16.66666667,0,0,0,0,0,1,25.23364486,0,0,0,0,1,0,61.96660482,0,0,0,0,1,0,9.055201602999999,0,0,0,0,1,0,2.215079523,0,0,0,0,0,1,24.53962727,0,0,0,0,1,0,33.33333333,0,0,0,0,1,0,1.045374333,0,0,0,0,0,1,24.41647422,0,0,0,0,1,0,2.215079523,0,0,0,0,0,1,2.215079523,0,0,0,0,0,1,44.68784228,0,0,1,0,0,0,0.02437913,0.123809524,3.1332912189999997,1.305217589,0.243837754,-0.12626265,0.30708661417322836,0.20588235294117646,0.13630041724617525,0.33029612756264237
0,158,49.404761900000004,0,0,0,0,1,0,12.911714,0,0,0,0,0,1,65.234375,0,0,0,0,1,0,0.0,0,0,0,0,0,1,4.113615813,0,0,0,0,0,1,14.21170592,0,0,0,0,0,1,100.0,1,1,0,0,0,0,1.186924173,0,0,0,0,0,1,12.08463222,0,0,0,0,0,1,4.113615813,0,0,0,0,0,1,4.113615813,0,0,0,0,0,1,20.33027214,0,0,0,0,0,1,0.02437913,0.123809524,3.1332912189999997,1.305217589,0.243837754,-0.12626265,0.30708661417322836,0.20588235294117646,0.13630041724617525,0.33029612756264237
0,159,23.71031746,0,0,0,0,0,1,35.3053262,0,0,0,0,1,0,78.22014052,0,1,0,1,0,0,12.58614453,0,0,1,0,0,0,7.240862505,0,0,0,0,1,0,36.35587295,0,0,1,0,0,0,26.14379085,0,0,0,0,1,0,13.19217579,0,0,1,0,0,0,33.17353346,0,0,0,0,1,0,7.240862505,0,0,0,0,1,0,7.240862505,0,0,0,0,1,0,13.77538125,0,0,0,0,0,1,0.02437913,0.123809524,3.1332912189999997,1.305217589,0.243837754,-0.12626265,0.30708661417322836,0.20588235294117646,0.13630041724617525,0.33029612756264237
0,160,8.035714286000001,0,0,0,0,0,1,18.36493966,0,0,0,0,1,0,40.73170732,0,0,0,0,0,1,0.0,0,0,0,0,0,1,0.817257225,0,0,0,0,0,1,17.31827764,0,0,0,0,0,1,100.0,1,1,0,0,0,0,0.017624556,0,0,0,0,0,1,18.09915849,0,0,0,0,1,0,0.817257225,0,0,0,0,0,1,0.817257225,0,0,0,0,0,1,22.9252675,0,0,0,0,1,0,0.02437913,0.123809524,3.1332912189999997,1.305217589,0.243837754,-0.12626265,0.30708661417322836,0.20588235294117646,0.13630041724617525,0.33029612756264237
0,161,27.82738095,0,0,0,0,0,1,27.11187733,0,0,0,0,1,0,74.38752784,0,0,1,0,0,0,14.17059718,0,0,1,0,0,0,2.596466318,0,0,0,0,0,1,26.12504636,0,0,0,0,1,0,24.24242424,0,0,0,0,1,0,5.3360000460000006,0,0,0,0,1,0,27.689197600000004,0,0,0,0,1,0,2.596466318,0,0,0,0,0,1,2.596466318,0,0,0,0,0,1,51.39438874,0,1,0,1,0,0,0.02437913,0.123809524,3.1332912189999997,1.305217589,0.243837754,-0.12626265,0.30708661417322836,0.20588235294117646,0.13630041724617525,0.33029612756264237
0,162,30.35714286,0,0,0,0,1,0,25.37882225,0,0,0,0,1,0,66.40159046,0,0,0,0,1,0,0.35318594,0,0,0,0,1,0,4.962823997,0,0,0,0,1,0,25.493644500000002,0,0,0,0,1,0,60.71428571,0,0,1,0,0,0,4.711492131,0,0,0,0,1,0,23.68028415,0,0,0,0,1,0,4.962823997,0,0,0,0,1,0,4.962823997,0,0,0,0,1,0,20.25444435,0,0,0,0,0,1,0.02437913,0.123809524,3.1332912189999997,1.305217589,0.243837754,-0.12626265,0.30708661417322836,0.20588235294117646,0.13630041724617525,0.33029612756264237
0,163,16.96428571,0,0,0,0,0,1,10.93367208,0,0,0,0,0,1,50.68285281,0,0,0,0,0,1,0.0,0,0,0,0,0,1,0.32890811600000003,0,0,0,0,0,1,10.10888199,0,0,0,0,0,1,100.0,1,1,0,0,0,0,0.029009605,0,0,0,0,0,1,12.9648237,0,0,0,0,0,1,0.32890811600000003,0,0,0,0,0,1,0.32890811600000003,0,0,0,0,0,1,21.56879265,0,0,0,0,1,0,0.02437913,0.123809524,3.1332912189999997,1.305217589,0.243837754,-0.12626265,0.30708661417322836,0.20588235294117646,0.13630041724617525,0.33029612756264237
0,164,15.56122449,0,0,0,0,0,1,20.99627983,0,0,0,0,1,0,58.08695652,0,0,0,0,0,1,0.9734131290000001,0,0,0,0,1,0,2.174635172,0,0,0,0,0,1,21.12632487,0,0,0,0,1,0,57.14285714,0,0,0,0,1,0,0.600770415,0,0,0,0,0,1,18.61844147,0,0,0,0,1,0,2.174635172,0,0,0,0,0,1,2.174635172,0,0,0,0,0,1,20.86106664,0,0,0,0,1,0,0.02437913,0.123809524,3.1332912189999997,1.305217589,0.243837754,-0.12626265,0.30708661417322836,0.20588235294117646,0.13630041724617525,0.33029612756264237
0,165,31.54761905,0,0,0,0,1,0,14.45422375,0,0,0,0,0,1,66.00790514,0,0,0,0,1,0,6.773777771000001,0,0,0,0,1,0,2.19133336,0,0,0,0,0,1,14.00275172,0,0,0,0,0,1,40.0,0,0,0,0,1,0,1.8757873219999999,0,0,0,0,1,0,15.35981332,0,0,0,0,0,1,2.19133336,0,0,0,0,0,1,2.19133336,0,0,0,0,0,1,37.59373157,0,0,0,0,1,0,0.02437913,0.123809524,3.1332912189999997,1.305217589,0.243837754,-0.12626265,0.30708661417322836,0.20588235294117646,0.13630041724617525,0.33029612756264237
0,166,42.85714286,0,0,0,0,1,0,10.63424372,0,0,0,0,0,1,59.43060498,0,0,0,0,0,1,0.0,0,0,0,0,0,1,1.731989751,0,0,0,0,0,1,10.31627772,0,0,0,0,0,1,100.0,1,1,0,0,0,0,0.334814854,0,0,0,0,0,1,12.63184907,0,0,0,0,0,1,1.731989751,0,0,0,0,0,1,1.731989751,0,0,0,0,0,1,20.75153762,0,0,0,0,1,0,0.02437913,0.123809524,3.1332912189999997,1.305217589,0.243837754,-0.12626265,0.30708661417322836,0.20588235294117646,0.13630041724617525,0.33029612756264237
0,167,8.928571429,0,0,0,0,0,1,18.15624716,0,0,0,0,1,0,5.20477234,0,0,0,0,0,1,0.0,0,0,0,0,0,1,2.92e-14,0,0,0,0,0,1,17.2355553,0,0,0,0,0,1,100.0,1,1,0,0,0,0,0.019018266000000002,0,0,0,0,0,1,17.10213164,0,0,0,0,0,1,4.08e-16,0,0,0,0,0,1,4.08e-16,0,0,0,0,0,1,16.11761732,0,0,0,0,0,1,0.02437913,0.123809524,3.1332912189999997,1.305217589,0.243837754,-0.12626265,0.30708661417322836,0.20588235294117646,0.13630041724617525,0.33029612756264237
0,168,10.41666667,0,0,0,0,0,1,19.65338898,0,0,0,0,1,0,52.26917058,0,0,0,0,0,1,8.982078949,0,0,0,0,1,0,2.546909204,0,0,0,0,0,1,18.46458864,0,0,0,0,1,0,46.66666667,0,0,0,0,1,0,0.051828492000000004,0,0,0,0,0,1,19.84832853,0,0,0,0,1,0,2.546909204,0,0,0,0,0,1,2.546909204,0,0,0,0,0,1,48.90049709,0,1,0,1,0,0,0.02437913,0.123809524,3.1332912189999997,1.305217589,0.243837754,-0.12626265,0.30708661417322836,0.20588235294117646,0.13630041724617525,0.33029612756264237
0,169,7.142857143,0,0,0,0,0,1,15.524907,0,0,0,0,0,1,48.54651163,0,0,0,0,0,1,0.0,0,0,0,0,0,1,0.555609686,0,0,0,0,0,1,14.0504082,0,0,0,0,0,1,100.0,1,1,0,0,0,0,0.024342515,0,0,0,0,0,1,16.84380526,0,0,0,0,0,1,0.555609686,0,0,0,0,0,1,0.555609686,0,0,0,0,0,1,21.81312663,0,0,0,0,1,0,0.02437913,0.123809524,3.1332912189999997,1.305217589,0.243837754,-0.12626265,0.30708661417322836,0.20588235294117646,0.13630041724617525,0.33029612756264237
0,170,8.928571429,0,0,0,0,0,1,18.41938118,0,0,0,0,1,0,41.59402242,0,0,0,0,0,1,0.0,0,0,0,0,0,1,0.271896354,0,0,0,0,0,1,17.57061744,0,0,0,0,0,1,100.0,1,1,0,0,0,0,0.021415998,0,0,0,0,0,1,16.62181544,0,0,0,0,0,1,0.271896354,0,0,0,0,0,1,0.271896354,0,0,0,0,0,1,22.78203724,0,0,0,0,1,0,0.02437913,0.123809524,3.1332912189999997,1.305217589,0.243837754,-0.12626265,0.30708661417322836,0.20588235294117646,0.13630041724617525,0.33029612756264237
0,171,30.35714286,0,0,0,0,1,0,9.073586789,0,0,0,0,0,1,51.54320988,0,0,0,0,0,1,0.0,0,0,0,0,0,1,33.0362816,0,1,0,1,0,0,15.17676157,0,0,0,0,0,1,0.0,0,0,0,0,1,0,0.023058742000000004,0,0,0,0,0,1,8.94863586,0,0,0,0,0,1,33.0362816,0,1,0,1,0,0,33.0362816,0,1,0,1,0,0,21.47611425,0,0,0,0,1,0,0.02437913,0.123809524,3.1332912189999997,1.305217589,0.243837754,-0.12626265,0.30708661417322836,0.20588235294117646,0.13630041724617525,0.33029612756264237
0,172,64.88095238,0,0,1,0,0,0,14.79902005,0,0,0,0,0,1,65.7480315,0,0,0,0,1,0,0.0,0,0,0,0,0,1,9.521309435,0,0,0,0,1,0,20.42114705,0,0,0,0,1,0,100.0,1,1,0,0,0,0,2.241290421,0,0,0,0,1,0,13.34748229,0,0,0,0,0,1,9.521309435,0,0,0,0,1,0,9.521309435,0,0,0,0,1,0,20.2965709,0,0,0,0,0,1,0.02437913,0.123809524,3.1332912189999997,1.305217589,0.243837754,-0.12626265,0.30708661417322836,0.20588235294117646,0.13630041724617525,0.33029612756264237
0,173,8.928571429,0,0,0,0,0,1,16.71354687,0,0,0,0,0,1,46.19640387,0,0,0,0,0,1,0.012406186000000001,0,0,0,0,1,0,0.988820125,0,0,0,0,0,1,15.86361373,0,0,0,0,0,1,66.66666667,0,0,1,0,0,0,0.023887857999999998,0,0,0,0,0,1,17.61213456,0,0,0,0,1,0,0.988820125,0,0,0,0,0,1,0.988820125,0,0,0,0,0,1,22.10801247,0,0,0,0,1,0,0.02437913,0.123809524,3.1332912189999997,1.305217589,0.243837754,-0.12626265,0.30708661417322836,0.20588235294117646,0.13630041724617525,0.33029612756264237
0,174,38.69047619,0,0,0,0,1,0,14.95327103,0,0,0,0,0,1,60.18018018,0,0,0,0,0,1,0.0,0,0,0,0,0,1,4.472415676000001,0,0,0,0,0,1,18.42540822,0,0,0,0,1,0,100.0,1,1,0,0,0,0,0.467521294,0,0,0,0,0,1,13.73605561,0,0,0,0,0,1,4.472415676000001,0,0,0,0,0,1,4.472415676000001,0,0,0,0,0,1,20.69256045,0,0,0,0,0,1,0.02437913,0.123809524,3.1332912189999997,1.305217589,0.243837754,-0.12626265,0.30708661417322836,0.20588235294117646,0.13630041724617525,0.33029612756264237
0,175,10.9375,0,0,0,0,0,1,23.36448598,0,0,0,0,1,0,53.69774920000001,0,0,0,0,0,1,8.982078949,0,0,0,0,1,0,0.9250829540000001,0,0,0,0,0,1,22.39665941,0,0,0,0,1,0,42.85714286,0,0,0,0,1,0,0.235620656,0,0,0,0,0,1,21.06111522,0,0,0,0,1,0,0.9250829540000001,0,0,0,0,0,1,0.9250829540000001,0,0,0,0,0,1,48.18434577,0,0,1,0,0,0,0.02437913,0.123809524,3.1332912189999997,1.305217589,0.243837754,-0.12626265,0.30708661417322836,0.20588235294117646,0.13630041724617525,0.33029612756264237
0,176,7.142857143,0,0,0,0,0,1,15.524907,0,0,0,0,0,1,48.54651163,0,0,0,0,0,1,0.0,0,0,0,0,0,1,0.555609686,0,0,0,0,0,1,14.0504082,0,0,0,0,0,1,100.0,1,1,0,0,0,0,0.024342515,0,0,0,0,0,1,16.84380526,0,0,0,0,0,1,0.555609686,0,0,0,0,0,1,0.555609686,0,0,0,0,0,1,21.81312663,0,0,0,0,1,0,0.02437913,0.123809524,3.1332912189999997,1.305217589,0.243837754,-0.12626265,0.30708661417322836,0.20588235294117646,0.13630041724617525,0.33029612756264237
0,177,25.44642857,0,0,0,0,0,1,20.8783232,0,0,0,0,1,0,68.02443992,0,0,0,0,1,0,7.746487921,0,0,0,0,1,0,3.438130943,0,0,0,0,0,1,20.82994901,0,0,0,0,1,0,42.85714286,0,0,0,0,1,0,1.70504747,0,0,0,0,1,0,19.94226392,0,0,0,0,1,0,3.438130943,0,0,0,0,0,1,3.438130943,0,0,0,0,0,1,16.84219395,0,0,0,0,0,1,0.02437913,0.123809524,3.1332912189999997,1.305217589,0.243837754,-0.12626265,0.30708661417322836,0.20588235294117646,0.13630041724617525,0.33029612756264237
0,178,38.83928571,0,0,0,0,1,0,13.57408584,0,0,0,0,0,1,64.1074856,0,0,0,0,1,0,0.0,0,0,0,0,0,1,3.237590772,0,0,0,0,0,1,13.88824969,0,0,0,0,0,1,100.0,1,1,0,0,0,0,1.17814394,0,0,0,0,0,1,13.24048342,0,0,0,0,0,1,3.237590772,0,0,0,0,0,1,3.237590772,0,0,0,0,0,1,20.40609992,0,0,0,0,0,1,0.02437913,0.123809524,3.1332912189999997,1.305217589,0.243837754,-0.12626265,0.30708661417322836,0.20588235294117646,0.13630041724617525,0.33029612756264237
0,179,3.733766234,0,0,0,0,0,1,35.66826967,0,0,1,0,0,0,10.73484295,0,0,0,0,0,1,0.595496947,0,0,0,0,1,0,1.68e-14,0,0,0,0,0,1,30.98157425,0,0,0,0,1,0,10.90909091,0,0,0,0,1,0,0.032363932000000005,0,0,0,0,0,1,48.58595444,0,1,0,1,0,0,3.83e-16,0,0,0,0,0,1,3.83e-16,0,0,0,0,0,1,16.90117112,0,0,0,0,0,1,0.02437913,0.123809524,3.1332912189999997,1.305217589,0.243837754,-0.12626265,0.30708661417322836,0.20588235294117646,0.13630041724617525,0.33029612756264237
0,180,12.5,0,0,0,0,0,1,10.75220034,0,0,0,0,0,1,5.904163623,0,0,0,0,0,1,0.0,0,0,0,0,0,1,1.75e-14,0,0,0,0,0,1,11.27871122,0,0,0,0,0,1,100.0,1,1,0,0,0,0,0.004867188,0,0,0,0,0,1,13.811296100000002,0,0,0,0,0,1,3.94e-16,0,0,0,0,0,1,3.94e-16,0,0,0,0,0,1,16.1850198,0,0,0,0,0,1,0.02437913,0.123809524,3.1332912189999997,1.305217589,0.243837754,-0.12626265,0.30708661417322836,0.20588235294117646,0.13630041724617525,0.33029612756264237
0,181,45.23809524,0,0,0,0,1,0,11.0607023,0,0,0,0,0,1,64.85436893,0,0,0,0,1,0,0.0,0,0,0,0,0,1,4.690278245,0,0,0,0,1,0,11.57655626,0,0,0,0,0,1,100.0,1,1,0,0,0,0,1.010406106,0,0,0,0,0,1,12.28736352,0,0,0,0,0,1,4.690278245,0,0,0,0,1,0,4.690278245,0,0,0,0,1,0,20.35554807,0,0,0,0,0,1,0.02437913,0.123809524,3.1332912189999997,1.305217589,0.243837754,-0.12626265,0.30708661417322836,0.20588235294117646,0.13630041724617525,0.33029612756264237
0,182,41.66666667,0,0,0,0,1,0,13.873514199999999,0,0,0,0,0,1,64.72868217,0,0,0,0,1,0,0.006203093000000001,0,0,0,0,0,1,4.001264244,0,0,0,0,0,1,13.90361364,0,0,0,0,0,1,66.66666667,0,0,1,0,0,0,0.8884543979999999,0,0,0,0,0,1,16.10437674,0,0,0,0,0,1,4.001264244,0,0,0,0,0,1,4.001264244,0,0,0,0,0,1,20.36397338,0,0,0,0,0,1,0.02437913,0.123809524,3.1332912189999997,1.305217589,0.243837754,-0.12626265,0.30708661417322836,0.20588235294117646,0.13630041724617525,0.33029612756264237
0,183,21.42857143,0,0,0,0,0,1,9.073586789,0,0,0,0,0,1,46.00550964,0,0,0,0,0,1,0.0,0,0,0,0,0,1,1.7638159430000002,0,0,0,0,0,1,11.07135782,0,0,0,0,0,1,0.0,0,0,0,0,1,0,0.008541708,0,0,0,0,0,1,8.480030623,0,0,0,0,0,1,1.7638159430000002,0,0,0,0,0,1,1.7638159430000002,0,0,0,0,0,1,22.133288399999998,0,0,0,0,1,0,0.02437913,0.123809524,3.1332912189999997,1.305217589,0.243837754,-0.12626265,0.30708661417322836,0.20588235294117646,0.13630041724617525,0.33029612756264237
0,184,62.05357143,0,0,1,0,0,0,12.68487433,0,0,0,0,0,1,70.91295117,0,0,0,0,1,0,0.0,0,0,0,0,0,1,4.480521953,0,0,0,0,0,1,13.73953861,0,0,0,0,0,1,100.0,1,1,0,0,0,0,3.447702112,0,0,0,0,1,0,12.65467069,0,0,0,0,0,1,4.480521953,0,0,0,0,1,0,4.480521953,0,0,0,0,1,0,19.98483444,0,0,0,0,0,1,0.02437913,0.123809524,3.1332912189999997,1.305217589,0.243837754,-0.12626265,0.30708661417322836,0.20588235294117646,0.13630041724617525,0.33029612756264237
0,185,38.69047619,0,0,0,0,1,0,14.27275202,0,0,0,0,0,1,60.18018018,0,0,0,0,0,1,0.0,0,0,0,0,0,1,4.153106016000001,0,0,0,0,0,1,17.35922138,0,0,0,0,0,1,100.0,1,1,0,0,0,0,0.467521294,0,0,0,0,0,1,13.07510527,0,0,0,0,0,1,4.153106016000001,0,0,0,0,0,1,4.153106016000001,0,0,0,0,0,1,20.69256045,0,0,0,0,0,1,0.02437913,0.123809524,3.1332912189999997,1.305217589,0.243837754,-0.12626265,0.30708661417322836,0.20588235294117646,0.13630041724617525,0.33029612756264237
0,186,20.08928571,0,0,0,0,0,1,15.933218400000001,0,0,0,0,0,1,53.10015898,0,0,0,0,0,1,0.0,0,0,0,0,0,1,1.8774112269999998,0,0,0,0,0,1,15.77534965,0,0,0,0,0,1,100.0,1,1,0,0,0,0,0.313047896,0,0,0,0,0,1,15.27070775,0,0,0,0,0,1,1.8774112269999998,0,0,0,0,0,1,1.8774112269999998,0,0,0,0,0,1,21.31603336,0,0,0,0,1,0,0.02437913,0.123809524,3.1332912189999997,1.305217589,0.243837754,-0.12626265,0.30708661417322836,0.20588235294117646,0.13630041724617525,0.33029612756264237
0,187,30.35714286,0,0,0,0,1,0,9.073586789,0,0,0,0,0,1,51.54320988,0,0,0,0,0,1,0.0,0,0,0,0,0,1,33.0362816,0,1,0,1,0,0,15.17676157,0,0,0,0,0,1,0.0,0,0,0,0,1,0,0.023058742000000004,0,0,0,0,0,1,8.94863586,0,0,0,0,0,1,33.0362816,0,1,0,1,0,0,33.0362816,0,1,0,1,0,0,21.47611425,0,0,0,0,1,0,0.02437913,0.123809524,3.1332912189999997,1.305217589,0.243837754,-0.12626265,0.30708661417322836,0.20588235294117646,0.13630041724617525,0.33029612756264237
0,188,12.5,0,0,0,0,0,1,17.8568188,0,0,0,0,0,1,53.95799677,0,0,0,0,0,1,0.0,0,0,0,0,0,1,1.6035328919999998,0,0,0,0,0,1,17.76328079,0,0,0,0,0,1,100.0,1,1,0,0,0,0,0.101769842,0,0,0,0,0,1,15.77606257,0,0,0,0,0,1,1.6035328919999998,0,0,0,0,0,1,1.6035328919999998,0,0,0,0,0,1,21.23178027,0,0,0,0,1,0,0.02437913,0.123809524,3.1332912189999997,1.305217589,0.243837754,-0.12626265,0.30708661417322836,0.20588235294117646,0.13630041724617525,0.33029612756264237
0,189,44.89795918,0,0,0,0,1,0,21.84919699,0,0,0,0,1,0,73.08533917,0,0,1,0,0,0,0.53042055,0,0,0,0,1,0,10.89205515,0,0,0,0,1,0,26.19344216,0,0,0,0,1,0,61.9047619,0,0,1,0,0,0,6.087417382999999,0,0,0,0,1,0,20.00238895,0,0,0,0,1,0,10.89205515,0,0,0,0,1,0,10.89205515,0,0,0,0,1,0,19.86688011,0,0,0,0,0,1,0.02437913,0.123809524,3.1332912189999997,1.305217589,0.243837754,-0.12626265,0.30708661417322836,0.20588235294117646,0.13630041724617525,0.33029612756264237
0,190,7.8125,0,0,0,0,0,1,20.46093821,0,0,0,0,1,0,55.57404326,0,0,0,0,0,1,9.031703695,0,0,0,0,1,0,0.243977738,0,0,0,0,0,1,18.08972464,0,0,0,0,1,0,28.57142857,0,0,0,0,1,0,0.126888679,0,0,0,0,0,1,23.85101929,0,0,0,0,1,0,0.243977738,0,0,0,0,0,1,0.243977738,0,0,0,0,0,1,47.36709074,0,0,1,0,0,0,0.02437913,0.123809524,3.1332912189999997,1.305217589,0.243837754,-0.12626265,0.30708661417322836,0.20588235294117646,0.13630041724617525,0.33029612756264237
0,191,44.64285714,0,0,0,0,1,0,16.58651665,0,0,0,0,0,1,65.36203523,0,0,0,0,1,0,0.0,0,0,0,0,0,1,5.331150788,0,0,0,0,1,0,18.64697231,0,0,0,0,1,0,100.0,1,1,0,0,0,0,2.1246771509999998,0,0,0,0,1,0,15.25235083,0,0,0,0,0,1,5.331150788,0,0,0,0,1,0,5.331150788,0,0,0,0,1,0,20.32184683,0,0,0,0,0,1,0.02437913,0.123809524,3.1332912189999997,1.305217589,0.243837754,-0.12626265,0.30708661417322836,0.20588235294117646,0.13630041724617525,0.33029612756264237
0,192,40.625,0,0,0,0,1,0,14.15479539,0,0,0,0,0,1,65.7480315,0,0,0,0,1,0,0.0,0,0,0,0,0,1,3.4405386989999998,0,0,0,0,0,1,15.19251702,0,0,0,0,0,1,100.0,1,1,0,0,0,0,1.215600896,0,0,0,0,0,1,13.24793601,0,0,0,0,0,1,3.4405386989999998,0,0,0,0,0,1,3.4405386989999998,0,0,0,0,0,1,20.2965709,0,0,0,0,0,1,0.02437913,0.123809524,3.1332912189999997,1.305217589,0.243837754,-0.12626265,0.30708661417322836,0.20588235294117646,0.13630041724617525,0.33029612756264237
0,193,11.83035714,0,0,0,0,0,1,23.63669358,0,0,0,0,1,0,56.5143824,0,0,0,0,0,1,0.674050927,0,0,0,0,1,0,1.158577322,0,0,0,0,0,1,22.29419384,0,0,0,0,1,0,42.85714286,0,0,0,0,1,0,0.412029649,0,0,0,0,0,1,21.94074231,0,0,0,0,1,0,1.158577322,0,0,0,0,0,1,1.158577322,0,0,0,0,0,1,20.74311231,0,0,0,0,0,1,0.02437913,0.123809524,3.1332912189999997,1.305217589,0.243837754,-0.12626265,0.30708661417322836,0.20588235294117646,0.13630041724617525,0.33029612756264237
0,194,16.96428571,0,0,0,0,0,1,10.93367208,0,0,0,0,0,1,50.68285281,0,0,0,0,0,1,0.0,0,0,0,0,0,1,0.32890811600000003,0,0,0,0,0,1,10.10888199,0,0,0,0,0,1,100.0,1,1,0,0,0,0,0.029009605,0,0,0,0,0,1,12.9648237,0,0,0,0,0,1,0.32890811600000003,0,0,0,0,0,1,0.32890811600000003,0,0,0,0,0,1,21.56879265,0,0,0,0,1,0,0.02437913,0.123809524,3.1332912189999997,1.305217589,0.243837754,-0.12626265,0.30708661417322836,0.20588235294117646,0.13630041724617525,0.33029612756264237
0,195,8.035714286000001,0,0,0,0,0,1,18.1290264,0,0,0,0,0,1,40.73170732,0,0,0,0,0,1,0.0,0,0,0,0,0,1,0.79855098,0,0,0,0,0,1,17.10424138,0,0,0,0,0,1,100.0,1,1,0,0,0,0,0.017624556,0,0,0,0,0,1,17.859807,0,0,0,0,1,0,0.79855098,0,0,0,0,0,1,0.79855098,0,0,0,0,0,1,22.9252675,0,0,0,0,1,0,0.02437913,0.123809524,3.1332912189999997,1.305217589,0.243837754,-0.12626265,0.30708661417322836,0.20588235294117646,0.13630041724617525,0.33029612756264237
0,196,8.928571429,0,0,0,0,0,1,18.15624716,0,0,0,0,1,0,5.20477234,0,0,0,0,0,1,0.0,0,0,0,0,0,1,2.58e-14,0,0,0,0,0,1,17.2355553,0,0,0,0,0,1,100.0,1,1,0,0,0,0,0.019018266000000002,0,0,0,0,0,1,17.10213164,0,0,0,0,0,1,4.08e-16,0,0,0,0,0,1,4.08e-16,0,0,0,0,0,1,16.11761732,0,0,0,0,0,1,0.02437913,0.123809524,3.1332912189999997,1.305217589,0.243837754,-0.12626265,0.30708661417322836,0.20588235294117646,0.13630041724617525,0.33029612756264237
0,197,54.76190476,0,0,0,0,1,0,20.48815897,0,0,0,0,1,0,71.98275862,0,0,0,0,1,0,0.048856744,0,0,0,0,1,0,12.8371231,0,0,0,0,1,0,26.95946876,0,0,0,0,1,0,80.0,0,1,0,1,0,0,6.5228493510000005,0,0,0,0,1,0,18.78989095,0,0,0,0,1,0,12.8371231,0,0,0,0,1,0,12.8371231,0,0,0,0,1,0,19.92585728,0,0,0,0,0,1,0.02437913,0.123809524,3.1332912189999997,1.305217589,0.243837754,-0.12626265,0.30708661417322836,0.20588235294117646,0.13630041724617525,0.33029612756264237
0,198,16.96428571,0,0,0,0,0,1,12.82097813,0,0,0,0,0,1,46.06896552,0,0,0,0,0,1,0.0,0,0,0,0,0,1,2.587020571,0,0,0,0,0,1,14.96503724,0,0,0,0,0,1,100.0,1,1,0,0,0,0,0.029844601000000002,0,0,0,0,0,1,11.79567967,0,0,0,0,0,1,2.587020571,0,0,0,0,0,1,2.587020571,0,0,0,0,0,1,22.12486309,0,0,0,0,1,0,0.02437913,0.123809524,3.1332912189999997,1.305217589,0.243837754,-0.12626265,0.30708661417322836,0.20588235294117646,0.13630041724617525,0.33029612756264237
0,199,7.142857143,0,0,0,0,0,1,15.524907,0,0,0,0,0,1,48.54651163,0,0,0,0,0,1,0.0,0,0,0,0,0,1,0.555609686,0,0,0,0,0,1,14.0504082,0,0,0,0,0,1,100.0,1,1,0,0,0,0,0.024342515,0,0,0,0,0,1,16.84380526,0,0,0,0,0,1,0.555609686,0,0,0,0,0,1,0.555609686,0,0,0,0,0,1,21.81312663,0,0,0,0,1,0,0.02437913,0.123809524,3.1332912189999997,1.305217589,0.243837754,-0.12626265,0.30708661417322836,0.20588235294117646,0.13630041724617525,0.33029612756264237
0,200,28.86904762,0,0,0,0,1,0,18.05643771,0,0,0,0,0,1,65.61886051,0,0,0,0,1,0,0.568132623,0,0,0,0,1,0,5.505435781,0,0,0,0,1,0,17.39826078,0,0,0,0,0,1,40.0,0,0,0,0,1,0,1.9447431530000001,0,0,0,0,1,0,19.61944826,0,0,0,0,1,0,5.505435781,0,0,0,0,1,0,5.505435781,0,0,0,0,1,0,20.27972028,0,0,0,0,0,1,0.02437913,0.123809524,3.1332912189999997,1.305217589,0.243837754,-0.12626265,0.30708661417322836,0.20588235294117646,0.13630041724617525,0.33029612756264237
0,201,8.928571429,0,0,0,0,0,1,17.992922600000004,0,0,0,0,0,1,41.59402242,0,0,0,0,0,1,0.0,0,0,0,0,0,1,0.259689952,0,0,0,0,0,1,17.16697149,0,0,0,0,0,1,100.0,1,1,0,0,0,0,0.021415998,0,0,0,0,0,1,16.23410021,0,0,0,0,0,1,0.259689952,0,0,0,0,0,1,0.259689952,0,0,0,0,0,1,22.78203724,0,0,0,0,1,0,0.02437913,0.123809524,3.1332912189999997,1.305217589,0.243837754,-0.12626265,0.30708661417322836,0.20588235294117646,0.13630041724617525,0.33029612756264237
0,202,8.035714286000001,0,0,0,0,0,1,18.1290264,0,0,0,0,0,1,40.73170732,0,0,0,0,0,1,0.0,0,0,0,0,0,1,0.79855098,0,0,0,0,0,1,17.10424138,0,0,0,0,0,1,100.0,1,1,0,0,0,0,0.017624556,0,0,0,0,0,1,17.859807,0,0,0,0,1,0,0.79855098,0,0,0,0,0,1,0.79855098,0,0,0,0,0,1,22.9252675,0,0,0,0,1,0,0.02437913,0.123809524,3.1332912189999997,1.305217589,0.243837754,-0.12626265,0.30708661417322836,0.20588235294117646,0.13630041724617525,0.33029612756264237
0,203,40.84821429,0,0,0,0,1,0,20.55167408,0,0,0,0,1,0,72.60869565,0,0,0,0,1,0,0.58502901,0,0,0,0,1,0,7.222662716,0,0,0,0,1,0,22.10773181,0,0,0,0,1,0,64.28571429,0,0,1,0,0,0,7.284935043,0,0,0,0,1,0,19.48918935,0,0,0,0,1,0,7.222662716,0,0,0,0,1,0,7.222662716,0,0,0,0,1,0,19.89215604,0,0,0,0,0,1,0.02437913,0.123809524,3.1332912189999997,1.305217589,0.243837754,-0.12626265,0.30708661417322836,0.20588235294117646,0.13630041724617525,0.33029612756264237
0,204,8.928571429,0,0,0,0,0,1,14.40885582,0,0,0,0,0,1,6.214909077000001,0,0,0,0,0,1,0.006203093000000001,0,0,0,0,0,1,1.82e-14,0,0,0,0,0,1,13.35310441,0,0,0,0,0,1,66.66666667,0,0,1,0,0,0,0.007318392,0,0,0,0,0,1,19.20666778,0,0,0,0,1,0,3.98e-16,0,0,0,0,0,1,3.98e-16,0,0,0,0,0,1,16.17659449,0,0,0,0,0,1,0.02437913,0.123809524,3.1332912189999997,1.305217589,0.243837754,-0.12626265,0.30708661417322836,0.20588235294117646,0.13630041724617525,0.33029612756264237
0,205,17.85714286,0,0,0,0,0,1,12.27656293,0,0,0,0,0,1,50.99236641,0,0,0,0,0,1,0.0,0,0,0,0,0,1,0.97752748,0,0,0,0,0,1,12.34287479,0,0,0,0,0,1,100.0,1,1,0,0,0,0,0.033278775,0,0,0,0,0,1,12.65379246,0,0,0,0,0,1,0.97752748,0,0,0,0,0,1,0.97752748,0,0,0,0,0,1,21.53509141,0,0,0,0,1,0,0.02437913,0.123809524,3.1332912189999997,1.305217589,0.243837754,-0.12626265,0.30708661417322836,0.20588235294117646,0.13630041724617525,0.33029612756264237
0,206,8.035714286000001,0,0,0,0,0,1,17.48480174,0,0,0,0,0,1,45.44217687,0,0,0,0,0,1,0.0,0,0,0,0,0,1,0.503991723,0,0,0,0,0,1,16.3146074,0,0,0,0,0,1,100.0,1,1,0,0,0,0,0.021275977,0,0,0,0,0,1,17.56759324,0,0,0,0,0,1,0.503991723,0,0,0,0,0,1,0.503991723,0,0,0,0,0,1,22.20911619,0,0,0,0,1,0,0.02437913,0.123809524,3.1332912189999997,1.305217589,0.243837754,-0.12626265,0.30708661417322836,0.20588235294117646,0.13630041724617525,0.33029612756264237
0,207,20.53571429,0,0,0,0,0,1,15.24362581,0,0,0,0,0,1,57.28987993,0,0,0,0,0,1,0.0,0,0,0,0,0,1,1.289781248,0,0,0,0,0,1,14.74244666,0,0,0,0,0,1,100.0,1,1,0,0,0,0,0.351496381,0,0,0,0,0,1,14.82900468,0,0,0,0,0,1,1.289781248,0,0,0,0,0,1,1.289781248,0,0,0,0,0,1,20.92846912,0,0,0,0,1,0,0.02437913,0.123809524,3.1332912189999997,1.305217589,0.243837754,-0.12626265,0.30708661417322836,0.20588235294117646,0.13630041724617525,0.33029612756264237
0,208,10.71428571,0,0,0,0,0,1,13.71018964,0,0,0,0,0,1,50.0,0,0,0,0,0,1,0.0,0,0,0,0,0,1,0.533261599,0,0,0,0,0,1,12.38166143,0,0,0,0,0,1,100.0,1,1,0,0,0,0,0.048240729,0,0,0,0,0,1,15.27609567,0,0,0,0,0,1,0.533261599,0,0,0,0,0,1,0.533261599,0,0,0,0,0,1,21.64462044,0,0,0,0,1,0,0.02437913,0.123809524,3.1332912189999997,1.305217589,0.243837754,-0.12626265,0.30708661417322836,0.20588235294117646,0.13630041724617525,0.33029612756264237
0,209,10.71428571,0,0,0,0,0,1,13.71018964,0,0,0,0,0,1,50.0,0,0,0,0,0,1,0.0,0,0,0,0,0,1,0.533261599,0,0,0,0,0,1,12.38166143,0,0,0,0,0,1,100.0,1,1,0,0,0,0,0.048240729,0,0,0,0,0,1,15.27609567,0,0,0,0,0,1,0.533261599,0,0,0,0,0,1,0.533261599,0,0,0,0,0,1,21.64462044,0,0,0,0,1,0,0.02437913,0.123809524,3.1332912189999997,1.305217589,0.243837754,-0.12626265,0.30708661417322836,0.20588235294117646,0.13630041724617525,0.33029612756264237
1,210,19.04761905,0,0,0,0,0,1,18.49196988,0,0,0,0,1,0,60.28880866,0,0,0,0,1,0,8.982078949,0,0,0,0,1,0,3.208276205,0,0,0,0,0,1,18.83839871,0,0,0,0,1,0,46.66666667,0,0,0,0,1,0,0.379440445,0,0,0,0,0,1,18.96096635,0,0,0,0,1,0,3.208276205,0,0,0,0,0,1,3.208276205,0,0,0,0,0,1,45.3197405,0,0,1,0,0,0,0.02437913,0.123809524,3.1332912189999997,1.305217589,0.243837754,-0.12626265,0.30708661417322836,0.20588235294117646,0.13630041724617525,0.33029612756264237
