typeId,author,ave_neighbor,degree,closeness,betweenness,ei_numpy,katz,cluster,commu,pagerank_numpy,h2,a2,closeness_vitality,density,periphery,avershortest,average_node_connectivity,trans,degree_assortativity,number_nodes,number_edges,number_clique,diameter
0,1,50.769230769230774,62.58333333333332,71.74721189591077,1.5582940327489865,7.379565534235965e-15,34.89842038378683,68.8888888888889,5.268615331662517,76.5674020017503,1.0059011107289143e-13,1.0059011107289143e-13,41.8731778425656,0.04211920529801325,0.2781456953642384,2.678773712128023,1.6890066225165563,0.471959213401311,-0.0196950262432097,0.1889763779527559,0.03531464941997742,0.060606060606060615,0.1461187214611872
0,2,0.0,0.0,0.0,0.0,2.926565627904577e-13,0.0,0.0,1.1284077962680263e-18,2.7432735921292327e-14,5.3726457836946643e-14,5.3726457836946643e-14,32.06997084548105,0.04211920529801325,0.2781456953642384,2.678773712128023,1.6890066225165563,0.471959213401311,-0.0196950262432097,0.1889763779527559,0.03531464941997742,0.060606060606060615,0.1461187214611872
0,3,74.61538461538461,16.633333333333333,70.43795620437955,0.0,2.9567835799103865e-13,7.9689730284171905,100.0,3.2612527667522677,29.05900661843727,4.9686877283262484e-14,4.9686877283262484e-14,42.05539358600583,0.04211920529801325,0.2781456953642384,2.678773712128023,1.6890066225165563,0.471959213401311,-0.0196950262432097,0.1889763779527559,0.03531464941997742,0.060606060606060615,0.1461187214611872
0,4,0.0,0.0,0.0,0.0,2.917515428392689e-13,0.0,0.0,9.873568217345229e-19,0.0,5.3726457836946643e-14,5.3726457836946643e-14,32.06997084548105,0.04211920529801325,0.2781456953642384,2.678773712128023,1.6890066225165563,0.471959213401311,-0.0196950262432097,0.1889763779527559,0.03531464941997742,0.060606060606060615,0.1461187214611872
0,5,0.0,0.0,0.0,0.0,2.921939938007945e-13,0.0,0.0,0.0,8.572729975403853e-14,5.3726457836946643e-14,5.3726457836946643e-14,32.06997084548105,0.04211920529801325,0.2781456953642384,2.678773712128023,1.6890066225165563,0.471959213401311,-0.0196950262432097,0.1889763779527559,0.03531464941997742,0.060606060606060615,0.1461187214611872
0,6,0.0,0.0,0.0,0.0,2.924005735559271e-13,0.0,0.0,9.873568217345229e-19,7.429699312016673e-15,5.3726457836946643e-14,5.3726457836946643e-14,32.06997084548105,0.04211920529801325,0.2781456953642384,2.678773712128023,1.6890066225165563,0.471959213401311,-0.0196950262432097,0.1889763779527559,0.03531464941997742,0.060606060606060615,0.1461187214611872
0,7,3.8461538461538463,12.733333333333333,1.7843934911242605,0.0,2.970325451558181e-13,5.5146528078533255,0.0,0.0006899699528104017,38.8229842559637,5.3726457836946643e-14,5.3726457836946643e-14,32.106413994169095,0.04211920529801325,0.2781456953642384,2.678773712128023,1.6890066225165563,0.471959213401311,-0.0196950262432097,0.1889763779527559,0.03531464941997742,0.060606060606060615,0.1461187214611872
0,8,53.846153846153854,20.016666666666673,60.12461059190031,0.0,1.6685645719048308e-13,12.090281697620787,100.0,0.7130134615815947,23.502180165093552,3.1068982983587175e-14,3.1068982983587175e-14,43.768221574344025,0.04211920529801325,0.2781456953642384,2.678773712128023,1.6890066225165563,0.471959213401311,-0.0196950262432097,0.1889763779527559,0.03531464941997742,0.060606060606060615,0.1461187214611872
0,9,36.92307692307692,36.49999999999999,70.43795620437955,6.202738895392503,2.8897472488537503e-13,18.956530258631247,55.555555555555564,0.9073819463872824,56.15358378003129,6.540601614752352e-14,6.540601614752352e-14,42.05539358600583,0.04211920529801325,0.2781456953642384,2.678773712128023,1.6890066225165563,0.471959213401311,-0.0196950262432097,0.1889763779527559,0.03531464941997742,0.060606060606060615,0.1461187214611872
0,10,0.0,0.0,0.0,0.0,2.9231070661936e-13,0.0,0.0,7.052548726675165e-19,9.715760638791031e-15,5.3726457836946643e-14,5.3726457836946643e-14,32.06997084548105,0.04211920529801325,0.2781456953642384,2.678773712128023,1.6890066225165563,0.471959213401311,-0.0196950262432097,0.1889763779527559,0.03531464941997742,0.060606060606060615,0.1461187214611872
0,11,29.80769230769231,18.1,54.21348314606741,0.0,2.901367409980478e-13,8.3341504867762,100.0,0.060191359746385224,37.13311579569972,5.287631270600241e-14,5.287631270600241e-14,45.04373177842565,0.04211920529801325,0.2781456953642384,2.678773712128023,1.6890066225165563,0.471959213401311,-0.0196950262432097,0.1889763779527559,0.03531464941997742,0.060606060606060615,0.1461187214611872
0,12,0.0,0.0,0.0,0.0,2.9232441948001853e-13,0.0,0.0,1.5515607198685362e-18,9.144245307097445e-15,5.3726457836946643e-14,5.3726457836946643e-14,32.06997084548105,0.04211920529801325,0.2781456953642384,2.678773712128023,1.6890066225165563,0.471959213401311,-0.0196950262432097,0.1889763779527559,0.03531464941997742,0.060606060606060615,0.1461187214611872
0,13,3.8461538461538463,16.666666666666668,1.7843934911242605,0.0,2.8863607863330156e-13,7.407407407407399,0.0,0.0006899699528103995,38.822984255964066,5.3726457836946643e-14,5.3726457836946643e-14,32.106413994169095,0.04211920529801325,0.2781456953642384,2.678773712128023,1.6890066225165563,0.471959213401311,-0.0196950262432097,0.1889763779527559,0.03531464941997742,0.060606060606060615,0.1461187214611872
0,14,40.0,20.116666666666667,56.1046511627907,0.0,2.2797327703224045e-13,10.599146578137443,100.0,0.4916941957795023,27.087460641744286,8.387312818801297e-14,8.387312818801297e-14,44.606413994169095,0.04211920529801325,0.2781456953642384,2.678773712128023,1.6890066225165563,0.471959213401311,-0.0196950262432097,0.1889763779527559,0.03531464941997742,0.060606060606060615,0.1461187214611872
0,15,34.615384615384606,22.16666666666667,56.5982404692082,0.0,2.9170534880483985e-13,10.010747113749957,100.0,0.19483240311822908,48.40220876066068,1.7957542564061252e-14,1.7957542564061252e-14,44.497084548104965,0.04211920529801325,0.2781456953642384,2.678773712128023,1.6890066225165563,0.471959213401311,-0.0196950262432097,0.1889763779527559,0.03531464941997742,0.060606060606060615,0.1461187214611872
0,16,0.0,0.0,0.0,0.0,2.9248155948146934e-13,0.0,0.0,2.821019490670066e-19,9.144245307097445e-15,5.3726457836946643e-14,5.3726457836946643e-14,32.06997084548105,0.04211920529801325,0.2781456953642384,2.678773712128023,1.6890066225165563,0.471959213401311,-0.0196950262432097,0.1889763779527559,0.03531464941997742,0.060606060606060615,0.1461187214611872
0,17,18.26923076923077,47.3,48.737373737373744,0.0,2.8957125823169757e-13,25.983239843922888,100.0,0.015400571807641724,45.55303554364746,5.540473069621542e-16,5.540473069621542e-16,46.50145772594753,0.04211920529801325,0.2781456953642384,2.678773712128023,1.6890066225165563,0.471959213401311,-0.0196950262432097,0.1889763779527559,0.03531464941997742,0.060606060606060615,0.1461187214611872
0,18,49.28774928774929,53.95000000000001,91.03773584905659,31.436307874076306,2.815971225467987e-13,26.696241609201522,29.629629629629626,64.63093690357145,83.69602866396936,0.0,0.0,39.795918367346935,0.04211920529801325,0.2781456953642384,2.678773712128023,1.6890066225165563,0.471959213401311,-0.0196950262432097,0.1889763779527559,0.03531464941997742,0.060606060606060615,0.1461187214611872
0,19,61.53846153846154,15.35,66.55172413793102,0.0,2.903416963934855e-13,7.0774129913004735,100.0,6.070333912617547,28.20276580978927,4.233327635884e-14,4.233327635884e-14,42.63848396501458,0.04211920529801325,0.2781456953642384,2.678773712128023,1.6890066225165563,0.471959213401311,-0.0196950262432097,0.1889763779527559,0.03531464941997742,0.060606060606060615,0.1461187214611872
0,20,79.80769230769229,16.333333333333332,70.95588235294116,0.0,2.8643497356288563e-13,9.347615274048671,100.0,2.870635987265964,20.77503983563313,3.5761255674962055e-14,3.5761255674962055e-14,41.98250728862974,0.04211920529801325,0.2781456953642384,2.678773712128023,1.6890066225165563,0.471959213401311,-0.0196950262432097,0.1889763779527559,0.03531464941997742,0.060606060606060615,0.1461187214611872
0,21,18.26923076923077,47.3,48.737373737373744,0.0,2.940287405970897e-13,25.983239843922874,100.0,0.015400571807641704,45.55303554364746,5.540473069621542e-16,5.540473069621542e-16,46.50145772594753,0.04211920529801325,0.2781456953642384,2.678773712128023,1.6890066225165563,0.471959213401311,-0.0196950262432097,0.1889763779527559,0.03531464941997742,0.060606060606060615,0.1461187214611872
0,22,31.153846153846153,29.61666666666667,65.8703071672355,8.653610941289095,2.943795472184886e-13,13.449166195499327,42.22222222222222,0.8254749924937039,62.018511271611096,5.129865240808741e-14,5.129865240808741e-14,42.74781341107872,0.04211920529801325,0.2781456953642384,2.678773712128023,1.6890066225165563,0.471959213401311,-0.0196950262432097,0.1889763779527559,0.03531464941997742,0.060606060606060615,0.1461187214611872
0,23,31.73076923076923,19.116666666666667,58.30815709969789,0.0,2.9073137877736096e-13,9.949420952926896,100.0,0.3071542814706135,27.16234538970844,9.901029468559873e-14,9.901029468559873e-14,44.13265306122449,0.04211920529801325,0.2781456953642384,2.678773712128023,1.6890066225165563,0.471959213401311,-0.0196950262432097,0.1889763779527559,0.03531464941997742,0.060606060606060615,0.1461187214611872
0,24,76.92307692307692,13.15,71.21771217712177,0.0,2.866738330321516e-13,7.635747425598431,100.0,4.4428787847375535,16.478320459056317,5.1855871168178245e-14,5.1855871168178245e-14,41.94606413994169,0.04211920529801325,0.2781456953642384,2.678773712128023,1.6890066225165563,0.471959213401311,-0.0196950262432097,0.1889763779527559,0.03531464941997742,0.060606060606060615,0.1461187214611872
0,25,7.6923076923076925,33.333333333333336,3.5687869822485205,0.0,2.934280130369984e-13,16.666666666666654,100.0,0.0021703151270187114,38.822984255964066,5.3726457836946643e-14,5.3726457836946643e-14,32.142857142857146,0.04211920529801325,0.2781456953642384,2.678773712128023,1.6890066225165563,0.471959213401311,-0.0196950262432097,0.1889763779527559,0.03531464941997742,0.060606060606060615,0.1461187214611872
1,26,51.748251748251754,41.15000000000001,83.54978354978357,12.300415594618983,2.935670964665341e-13,20.311939063845607,45.45454545454545,5.368478762046553,60.064651824169594,1.2902383127157021e-13,1.2902383127157021e-13,40.48833819241983,0.04211920529801325,0.2781456953642384,2.678773712128023,1.6890066225165563,0.471959213401311,-0.0196950262432097,0.1889763779527559,0.03531464941997742,0.060606060606060615,0.1461187214611872
0,27,38.46153846153846,40.16666666666666,63.27868852459015,0.0,2.943671642946457e-13,21.429306463351935,100.0,0.4204721008818198,55.41911466517661,1.3629912137311718e-14,1.3629912137311718e-14,43.18513119533527,0.04211920529801325,0.2781456953642384,2.678773712128023,1.6890066225165563,0.471959213401311,-0.0196950262432097,0.1889763779527559,0.03531464941997742,0.060606060606060615,0.1461187214611872
0,28,0.0,0.0,0.0,0.0,2.930008867756866e-13,0.0,0.0,5.642038981340132e-19,9.144245307097445e-15,5.3726457836946643e-14,5.3726457836946643e-14,32.06997084548105,0.04211920529801325,0.2781456953642384,2.678773712128023,1.6890066225165563,0.471959213401311,-0.0196950262432097,0.1889763779527559,0.03531464941997742,0.060606060606060615,0.1461187214611872
0,29,66.02564102564102,37.11666666666667,71.48148148148148,0.037599108850411074,2.789657330388489e-13,20.621894380339796,86.66666666666669,4.960290539274387,48.28446657663124,5.983942441885608e-14,5.983942441885608e-14,41.90962099125365,0.04211920529801325,0.2781456953642384,2.678773712128023,1.6890066225165563,0.471959213401311,-0.0196950262432097,0.1889763779527559,0.03531464941997742,0.060606060606060615,0.1461187214611872
0,30,49.35897435897437,10.983333333333334,73.38403041825094,1.0048511043085258,2.9258912806184106e-13,5.21036681868592,73.33333333333333,1.2502539775610346,19.553326318992887,5.069328398868999e-14,5.069328398868999e-14,41.65451895043732,0.04211920529801325,0.2781456953642384,2.678773712128023,1.6890066225165563,0.471959213401311,-0.0196950262432097,0.1889763779527559,0.03531464941997742,0.060606060606060615,0.1461187214611872
0,31,50.769230769230774,62.58333333333334,71.74721189591077,1.5582940327489865,0.0,34.89842038378681,68.8888888888889,5.2686153316625255,76.56740200175017,7.560897857714469e-14,7.560897857714469e-14,41.8731778425656,0.04211920529801325,0.2781456953642384,2.678773712128023,1.6890066225165563,0.471959213401311,-0.0196950262432097,0.1889763779527559,0.03531464941997742,0.060606060606060615,0.1461187214611872
0,32,73.07692307692308,3.5666666666666678,65.20270270270271,0.0,2.9210328269878277e-13,1.6166713275663225,100.0,0.4080939088361831,6.57093538926401,5.271794322188893e-14,5.271794322188893e-14,42.857142857142854,0.04211920529801325,0.2781456953642384,2.678773712128023,1.6890066225165563,0.471959213401311,-0.0196950262432097,0.1889763779527559,0.03531464941997742,0.060606060606060615,0.1461187214611872
0,33,54.700854700854705,23.8,70.43795620437955,0.0,2.8680332548657385e-13,12.04387307423975,100.0,7.577694895738428,32.741714877321584,6.938507432757997e-14,6.938507432757997e-14,42.05539358600583,0.04211920529801325,0.2781456953642384,2.678773712128023,1.6890066225165563,0.471959213401311,-0.0196950262432097,0.1889763779527559,0.03531464941997742,0.060606060606060615,0.1461187214611872
0,34,26.37362637362637,33.4,65.20270270270271,30.07928708032886,2.9277468399598164e-13,17.67441440030307,42.857142857142854,0.11017919541224692,36.06787923250857,4.8506656873023865e-14,4.8506656873023865e-14,100.0,0.04211920529801325,0.2781456953642384,2.678773712128023,1.6890066225165563,0.471959213401311,-0.0196950262432097,0.1889763779527559,0.03531464941997742,0.060606060606060615,0.1461187214611872
0,35,40.0,14.95,56.1046511627907,0.0,2.5050748215670816e-13,7.65061347353616,100.0,0.4916941957795027,20.371309991032483,8.307750491808217e-14,8.307750491808217e-14,44.606413994169095,0.04211920529801325,0.2781456953642384,2.678773712128023,1.6890066225165563,0.471959213401311,-0.0196950262432097,0.1889763779527559,0.03531464941997742,0.060606060606060615,0.1461187214611872
0,36,46.153846153846146,17.133333333333333,64.33333333333333,0.0,2.87910859928206e-13,9.476627428342896,100.0,0.08659173264709677,19.316156139040448,5.3476526950798667e-14,5.3476526950798667e-14,43.002915451895035,0.04211920529801325,0.2781456953642384,2.678773712128023,1.6890066225165563,0.471959213401311,-0.0196950262432097,0.1889763779527559,0.03531464941997742,0.060606060606060615,0.1461187214611872
0,37,45.384615384615394,8.3,61.26984126984127,0.0,2.9136056145633274e-13,3.741611358513037,100.0,0.5553867512419797,17.87497362129477,5.3162822809042726e-14,5.3162822809042726e-14,43.549562682215736,0.04211920529801325,0.2781456953642384,2.678773712128023,1.6890066225165563,0.471959213401311,-0.0196950262432097,0.1889763779527559,0.03531464941997742,0.060606060606060615,0.1461187214611872
0,38,59.615384615384606,13.433333333333335,69.17562724014337,0.0,2.2269511270304556e-13,7.6940421144153,100.0,2.930096649691585,16.138738119979884,1.0168257698180073e-13,1.0168257698180073e-13,42.23760932944607,0.04211920529801325,0.2781456953642384,2.678773712128023,1.6890066225165563,0.471959213401311,-0.0196950262432097,0.1889763779527559,0.03531464941997742,0.060606060606060615,0.1461187214611872
0,39,59.615384615384606,35.25,69.17562724014337,0.0,1.0316468262184087e-13,20.52351681076012,100.0,2.930096649691584,42.671854728283094,7.059652072468767e-14,7.059652072468767e-14,42.23760932944607,0.04211920529801325,0.2781456953642384,2.678773712128023,1.6890066225165563,0.471959213401311,-0.0196950262432097,0.1889763779527559,0.03531464941997742,0.060606060606060615,0.1461187214611872
0,40,63.67521367521368,28.46666666666667,71.48148148148148,0.0,2.7851064833396824e-13,14.222726909128394,100.0,13.105984553677681,42.40733671487955,3.2623654010183566e-14,3.2623654010183566e-14,41.90962099125365,0.04211920529801325,0.2781456953642384,2.678773712128023,1.6890066225165563,0.471959213401311,-0.0196950262432097,0.1889763779527559,0.03531464941997742,0.060606060606060615,0.1461187214611872
0,41,46.92307692307693,56.76666666666666,68.92857142857143,0.0,2.773614212485406e-13,34.20401780474577,100.0,0.7176216650865569,64.92056570581451,3.9174474888156154e-14,3.9174474888156154e-14,42.27405247813411,0.04211920529801325,0.2781456953642384,2.678773712128023,1.6890066225165563,0.471959213401311,-0.0196950262432097,0.1889763779527559,0.03531464941997742,0.060606060606060615,0.1461187214611872
0,42,0.0,0.0,0.0,0.0,2.92606943698405e-13,0.0,0.0,7.052548726675165e-19,9.144245307097445e-15,5.3726457836946643e-14,5.3726457836946643e-14,32.06997084548105,0.04211920529801325,0.2781456953642384,2.678773712128023,1.6890066225165563,0.471959213401311,-0.0196950262432097,0.1889763779527559,0.03531464941997742,0.060606060606060615,0.1461187214611872
0,43,0.0,0.0,0.0,0.0,2.9212237827149405e-13,0.0,0.0,2.821019490670066e-19,9.144245307097445e-15,5.3726457836946643e-14,5.3726457836946643e-14,32.06997084548105,0.04211920529801325,0.2781456953642384,2.678773712128023,1.6890066225165563,0.471959213401311,-0.0196950262432097,0.1889763779527559,0.03531464941997742,0.060606060606060615,0.1461187214611872
1,44,42.307692307692314,8.233333333333334,80.41666666666666,35.132494117227594,2.9198336841890916e-13,3.78031302193644,29.824561403508767,14.734031967176021,16.703075679176422,5.1357196408050844e-14,5.1357196408050844e-14,35.56851311953353,0.04211920529801325,0.2781456953642384,2.678773712128023,1.6890066225165563,0.471959213401311,-0.0196950262432097,0.1889763779527559,0.03531464941997742,0.060606060606060615,0.1461187214611872
0,45,63.67521367521368,16.900000000000002,71.48148148148148,0.0,2.8438253761962534e-13,8.48056328492026,100.0,13.105984553677681,25.02087566851038,3.222413275840801e-14,3.222413275840801e-14,41.90962099125365,0.04211920529801325,0.2781456953642384,2.678773712128023,1.6890066225165563,0.471959213401311,-0.0196950262432097,0.1889763779527559,0.03531464941997742,0.060606060606060615,0.1461187214611872
0,46,39.1025641025641,7.750000000000001,61.85897435897435,0.0,2.8930361706840983e-13,3.4612969199797274,100.0,0.3893396240816867,17.747827595942315,5.861499043988892e-14,5.861499043988892e-14,43.440233236151606,0.04211920529801325,0.2781456953642384,2.678773712128023,1.6890066225165563,0.471959213401311,-0.0196950262432097,0.1889763779527559,0.03531464941997742,0.060606060606060615,0.1461187214611872
0,47,7.6923076923076925,33.333333333333336,3.5687869822485205,0.0,2.884997986510684e-13,16.666666666666654,100.0,0.002170315127018715,38.82298425596408,5.3726457836946643e-14,5.3726457836946643e-14,32.142857142857146,0.04211920529801325,0.2781456953642384,2.678773712128023,1.6890066225165563,0.471959213401311,-0.0196950262432097,0.1889763779527559,0.03531464941997742,0.060606060606060615,0.1461187214611872
0,48,50.167224080267566,65.63333333333333,87.7272727272727,23.213336125557127,2.7550332212419183e-13,34.575072379604485,32.015810276679844,41.583176131610095,88.4918552135664,5.77394087999789e-14,5.77394087999789e-14,37.28134110787172,0.04211920529801325,0.2781456953642384,2.678773712128023,1.6890066225165563,0.471959213401311,-0.0196950262432097,0.1889763779527559,0.03531464941997742,0.060606060606060615,0.1461187214611872
0,49,46.92307692307693,56.76666666666666,68.92857142857143,0.0,2.684682661911305e-13,34.20401780474577,100.0,0.717621665086557,64.92056570581451,5.178835448526095e-14,5.178835448526095e-14,42.27405247813411,0.04211920529801325,0.2781456953642384,2.678773712128023,1.6890066225165563,0.471959213401311,-0.0196950262432097,0.1889763779527559,0.03531464941997742,0.060606060606060615,0.1461187214611872
0,50,57.69230769230769,29.866666666666664,76.89243027888445,7.287204465886113,2.9086028193623123e-13,15.842491081333034,49.09090909090909,9.26969535716132,42.355286958700404,1.22648316983585e-14,1.22648316983585e-14,40.37900874635569,0.04211920529801325,0.2781456953642384,2.678773712128023,1.6890066225165563,0.471959213401311,-0.0196950262432097,0.1889763779527559,0.03531464941997742,0.060606060606060615,0.1461187214611872
0,51,23.07692307692308,100.0,10.70636094674556,0.0,100.0,99.99999999999994,100.0,0.07235097933383218,38.822984255963924,100.0,100.0,32.28862973760933,0.04211920529801325,0.2781456953642384,2.678773712128023,1.6890066225165563,0.471959213401311,-0.0196950262432097,0.1889763779527559,0.03531464941997742,0.060606060606060615,0.1461187214611872
0,52,40.0,19.466666666666665,56.1046511627907,0.0,2.3794826683434484e-13,10.000891565127311,100.0,0.4916941957795022,26.639164431592828,9.796825950027382e-14,9.796825950027382e-14,44.606413994169095,0.04211920529801325,0.2781456953642384,2.678773712128023,1.6890066225165563,0.471959213401311,-0.0196950262432097,0.1889763779527559,0.03531464941997742,0.060606060606060615,0.1461187214611872
0,53,57.14285714285714,68.64999999999999,87.7272727272727,16.239477644711325,2.700408286545797e-13,38.85779217074183,38.46153846153847,15.033834519031865,84.7932101313063,6.422349439807146e-14,6.422349439807146e-14,36.80758017492711,0.04211920529801325,0.2781456953642384,2.678773712128023,1.6890066225165563,0.471959213401311,-0.0196950262432097,0.1889763779527559,0.03531464941997742,0.060606060606060615,0.1461187214611872
0,54,51.92307692307693,5.516666666666667,65.8703071672355,0.0,2.911588613227513e-13,2.5847988320772584,100.0,0.945563834270016,10.218445515963221,5.342883284884956e-14,5.342883284884956e-14,42.74781341107872,0.04211920529801325,0.2781456953642384,2.678773712128023,1.6890066225165563,0.471959213401311,-0.0196950262432097,0.1889763779527559,0.03531464941997742,0.060606060606060615,0.1461187214611872
0,55,23.07692307692308,100.0,10.70636094674556,0.0,99.99999999999994,99.99999999999996,100.0,0.07235097933383214,38.822984255963924,100.0,100.0,32.28862973760933,0.04211920529801325,0.2781456953642384,2.678773712128023,1.6890066225165563,0.471959213401311,-0.0196950262432097,0.1889763779527559,0.03531464941997742,0.060606060606060615,0.1461187214611872
0,56,63.67521367521368,19.6,71.48148148148148,0.0,2.852354719321587e-13,9.834690658532367,100.0,13.105984553677681,29.05865451839149,3.0278435053570284e-14,3.0278435053570284e-14,41.90962099125365,0.04211920529801325,0.2781456953642384,2.678773712128023,1.6890066225165563,0.471959213401311,-0.0196950262432097,0.1889763779527559,0.03531464941997742,0.060606060606060615,0.1461187214611872
0,57,57.918552036199095,47.21666666666667,82.12765957446805,8.113218750676284,2.749030803555129e-13,25.65714395073575,46.32352941176471,30.195693173722702,62.867558265465405,5.352869404200187e-14,5.352869404200187e-14,40.634110787172006,0.04211920529801325,0.2781456953642384,2.678773712128023,1.6890066225165563,0.471959213401311,-0.0196950262432097,0.1889763779527559,0.03531464941997742,0.060606060606060615,0.1461187214611872
0,58,56.29370629370629,24.41666666666667,73.66412213740458,1.3451987246950603,2.8933558212576443e-13,12.109277678436925,69.0909090909091,11.191891976508343,40.78270911692164,2.280081839986349e-14,2.280081839986349e-14,41.61807580174927,0.04211920529801325,0.2781456953642384,2.678773712128023,1.6890066225165563,0.471959213401311,-0.0196950262432097,0.1889763779527559,0.03531464941997742,0.060606060606060615,0.1461187214611872
0,59,39.1025641025641,4.749999999999999,61.85897435897435,0.0,2.9071318164806764e-13,2.1113919304714903,100.0,0.38933962408168654,10.82762562686309,5.683988224731927e-14,5.683988224731927e-14,43.440233236151606,0.04211920529801325,0.2781456953642384,2.678773712128023,1.6890066225165563,0.471959213401311,-0.0196950262432097,0.1889763779527559,0.03531464941997742,0.060606060606060615,0.1461187214611872
0,60,0.0,0.0,0.0,0.0,2.915281911533878e-13,0.0,0.0,1.833662668935543e-18,9.144245307097445e-15,5.3726457836946643e-14,5.3726457836946643e-14,32.06997084548105,0.04211920529801325,0.2781456953642384,2.678773712128023,1.6890066225165563,0.471959213401311,-0.0196950262432097,0.1889763779527559,0.03531464941997742,0.060606060606060615,0.1461187214611872
0,61,67.58241758241759,17.133333333333333,73.94636015325668,0.2717602988411397,2.87426791859354e-13,9.843865336373591,71.42857142857143,5.892290941109161,22.77882882054364,4.6510382295198235e-14,4.6510382295198235e-14,41.58163265306123,0.04211920529801325,0.2781456953642384,2.678773712128023,1.6890066225165563,0.471959213401311,-0.0196950262432097,0.1889763779527559,0.03531464941997742,0.060606060606060615,0.1461187214611872
0,62,0.0,0.0,0.0,0.0,2.922262389965267e-13,0.0,0.0,9.873568217345229e-19,9.144245307097445e-15,5.3726457836946643e-14,5.3726457836946643e-14,32.06997084548105,0.04211920529801325,0.2781456953642384,2.678773712128023,1.6890066225165563,0.471959213401311,-0.0196950262432097,0.1889763779527559,0.03531464941997742,0.060606060606060615,0.1461187214611872
0,63,34.615384615384606,22.16666666666667,56.5982404692082,0.0,2.9084922596282407e-13,10.010747113749957,100.0,0.19483240311822908,48.40220876066068,5.4057331440201765e-14,5.4057331440201765e-14,44.497084548104965,0.04211920529801325,0.2781456953642384,2.678773712128023,1.6890066225165563,0.471959213401311,-0.0196950262432097,0.1889763779527559,0.03531464941997742,0.060606060606060615,0.1461187214611872
0,64,54.700854700854705,23.8,70.43795620437955,0.0,2.8723249274488504e-13,12.043873074239734,100.0,7.5776948957384285,32.741714877321584,6.938507432757997e-14,6.938507432757997e-14,42.05539358600583,0.04211920529801325,0.2781456953642384,2.678773712128023,1.6890066225165563,0.471959213401311,-0.0196950262432097,0.1889763779527559,0.03531464941997742,0.060606060606060615,0.1461187214611872
0,65,99.03846153846152,3.7833333333333328,69.42446043165468,0.0,2.9106639261822985e-13,2.1094407921130998,100.0,4.4417580769095695,5.271155379212947,5.0905019263278006e-14,5.0905019263278006e-14,42.201166180758015,0.04211920529801325,0.2781456953642384,2.678773712128023,1.6890066225165563,0.471959213401311,-0.0196950262432097,0.1889763779527559,0.03531464941997742,0.060606060606060615,0.1461187214611872
0,66,50.0,11.249999999999998,74.8062015503876,1.821223159689428,2.9246637389545417e-13,5.300990692206057,52.72727272727272,7.7483264976707575,22.0160930816134,4.965039871572909e-14,4.965039871572909e-14,41.47230320699708,0.04211920529801325,0.2781456953642384,2.678773712128023,1.6890066225165563,0.471959213401311,-0.0196950262432097,0.1889763779527559,0.03531464941997742,0.060606060606060615,0.1461187214611872
1,67,45.19230769230769,43.81666666666668,99.48453608247421,100.0,2.696358641969501e-13,21.23134865129564,21.370967741935484,52.33362558058335,66.78937129454768,6.588250432015235e-14,6.588250432015235e-14,0.0,0.04211920529801325,0.2781456953642384,2.678773712128023,1.6890066225165563,0.471959213401311,-0.0196950262432097,0.1889763779527559,0.03531464941997742,0.060606060606060615,0.1461187214611872
0,68,61.53846153846154,13.93333333333333,66.55172413793102,0.0,2.9201131937678716e-13,6.426855554956809,100.0,6.070333912617548,25.55425988507134,4.315108123454385e-14,4.315108123454385e-14,42.63848396501458,0.04211920529801325,0.2781456953642384,2.678773712128023,1.6890066225165563,0.471959213401311,-0.0196950262432097,0.1889763779527559,0.03531464941997742,0.060606060606060615,0.1461187214611872
0,69,63.67521367521368,17.766666666666666,71.48148148148148,0.0,2.84147748644036e-13,8.9168616395366,100.0,13.105984553677681,26.31501021933664,2.743131185846347e-14,2.743131185846347e-14,41.90962099125365,0.04211920529801325,0.2781456953642384,2.678773712128023,1.6890066225165563,0.471959213401311,-0.0196950262432097,0.1889763779527559,0.03531464941997742,0.060606060606060615,0.1461187214611872
0,70,43.589743589743605,17.483333333333334,53.02197802197802,0.0,2.2258157944313525e-13,9.742009136681338,100.0,0.2906586330951325,22.10930156278192,2.2850985267740273e-15,2.2850985267740273e-15,45.33527696793003,0.04211920529801325,0.2781456953642384,2.678773712128023,1.6890066225165563,0.471959213401311,-0.0196950262432097,0.1889763779527559,0.03531464941997742,0.060606060606060615,0.1461187214611872
0,71,39.615384615384606,57.01666666666667,65.20270270270271,3.073330140492426,7.813145255449884e-14,30.72586715372841,57.77777777777778,2.8464125641276694,73.7570062616348,1.0243871491667308e-13,1.0243871491667308e-13,42.857142857142854,0.04211920529801325,0.2781456953642384,2.678773712128023,1.6890066225165563,0.471959213401311,-0.0196950262432097,0.1889763779527559,0.03531464941997742,0.060606060606060615,0.1461187214611872
0,72,45.299145299145295,45.85,75.390625,6.054149685655273,2.755475187608943e-13,27.569835355959977,44.444444444444436,2.725680335716668,54.26152403052124,5.6510260344016126e-14,5.6510260344016126e-14,40.415451895043724,0.04211920529801325,0.2781456953642384,2.678773712128023,1.6890066225165563,0.471959213401311,-0.0196950262432097,0.1889763779527559,0.03531464941997742,0.060606060606060615,0.1461187214611872
0,73,54.700854700854705,23.8,70.43795620437955,0.0,2.8636029905580784e-13,12.043873074239734,100.0,7.577694895738428,32.741714877321584,6.938507432757997e-14,6.938507432757997e-14,42.05539358600583,0.04211920529801325,0.2781456953642384,2.678773712128023,1.6890066225165563,0.471959213401311,-0.0196950262432097,0.1889763779527559,0.03531464941997742,0.060606060606060615,0.1461187214611872
0,74,23.07692307692308,100.0,10.70636094674556,0.0,100.0,100.0,100.0,0.07235097933383218,38.82298425596394,100.0,100.0,32.28862973760933,0.04211920529801325,0.2781456953642384,2.678773712128023,1.6890066225165563,0.471959213401311,-0.0196950262432097,0.1889763779527559,0.03531464941997742,0.060606060606060615,0.1461187214611872
0,75,60.0,3.7166666666666663,68.43971631205672,0.0,2.9010527237409643e-13,1.766268704446939,100.0,2.004662692648809,5.951008880126196,5.850021445893859e-14,5.850021445893859e-14,42.3469387755102,0.04211920529801325,0.2781456953642384,2.678773712128023,1.6890066225165563,0.471959213401311,-0.0196950262432097,0.1889763779527559,0.03531464941997742,0.060606060606060615,0.1461187214611872
0,76,63.67521367521368,28.15,71.48148148148148,0.0,2.8245273504774284e-13,14.06951283089381,100.0,13.105984553677681,41.92667450393303,2.256450840533571e-14,2.256450840533571e-14,41.90962099125365,0.04211920529801325,0.2781456953642384,2.678773712128023,1.6890066225165563,0.471959213401311,-0.0196950262432097,0.1889763779527559,0.03531464941997742,0.060606060606060615,0.1461187214611872
0,77,48.95104895104895,27.55,72.01492537313433,4.395310002669007,1.9609160928603602e-13,14.944245090099507,56.36363636363636,6.40228358130724,36.57305113322757,1.268592806256239e-13,1.268592806256239e-13,41.72740524781341,0.04211920529801325,0.2781456953642384,2.678773712128023,1.6890066225165563,0.471959213401311,-0.0196950262432097,0.1889763779527559,0.03531464941997742,0.060606060606060615,0.1461187214611872
0,78,0.0,0.0,0.0,0.0,2.919184930906845e-13,0.0,0.0,8.463058472010198e-19,9.144245307097445e-15,5.3726457836946643e-14,5.3726457836946643e-14,32.06997084548105,0.04211920529801325,0.2781456953642384,2.678773712128023,1.6890066225165563,0.471959213401311,-0.0196950262432097,0.1889763779527559,0.03531464941997742,0.060606060606060615,0.1461187214611872
0,79,29.80769230769231,18.283333333333328,54.21348314606741,0.0,2.943960072607258e-13,8.416070674420858,100.0,0.06019135974638516,37.51973449916924,5.308799966597047e-14,5.308799966597047e-14,45.04373177842565,0.04211920529801325,0.2781456953642384,2.678773712128023,1.6890066225165563,0.471959213401311,-0.0196950262432097,0.1889763779527559,0.03531464941997742,0.060606060606060615,0.1461187214611872
0,80,51.92307692307693,15.450000000000005,65.64625850340136,0.07519821770082215,2.870237409210961e-13,7.610768251156633,66.66666666666666,1.082041070610685,24.19736665147787,4.986309310786089e-14,4.986309310786089e-14,42.784256559766774,0.04211920529801325,0.2781456953642384,2.678773712128023,1.6890066225165563,0.471959213401311,-0.0196950262432097,0.1889763779527559,0.03531464941997742,0.060606060606060615,0.1461187214611872
0,81,38.46153846153846,40.16666666666666,63.27868852459015,0.0,2.883172607030965e-13,21.429306463351878,100.0,0.4204721008818195,55.41911466517661,1.0441308808705964e-14,1.0441308808705964e-14,43.18513119533527,0.04211920529801325,0.2781456953642384,2.678773712128023,1.6890066225165563,0.471959213401311,-0.0196950262432097,0.1889763779527559,0.03531464941997742,0.060606060606060615,0.1461187214611872
0,82,7.6923076923076925,33.333333333333336,3.5687869822485205,0.0,2.87598677118342e-13,16.666666666666668,100.0,0.0021703151270187158,38.82298425596408,5.3726457836946643e-14,5.3726457836946643e-14,32.142857142857146,0.04211920529801325,0.2781456953642384,2.678773712128023,1.6890066225165563,0.471959213401311,-0.0196950262432097,0.1889763779527559,0.03531464941997742,0.060606060606060615,0.1461187214611872
1,83,0.0,0.0,0.0,0.0,2.9167580192509806e-13,0.0,0.0,9.873568217345229e-19,9.144245307097445e-15,5.3726457836946643e-14,5.3726457836946643e-14,32.06997084548105,0.04211920529801325,0.2781456953642384,2.678773712128023,1.6890066225165563,0.471959213401311,-0.0196950262432097,0.1889763779527559,0.03531464941997742,0.060606060606060615,0.1461187214611872
0,84,75.48076923076924,24.266666666666666,81.77966101694916,4.7786790396192105,2.851499527051773e-13,11.597353577424615,67.85714285714286,8.675964209200007,40.40911740494865,8.54764353130637e-14,8.54764353130637e-14,40.670553935860056,0.04211920529801325,0.2781456953642384,2.678773712128023,1.6890066225165563,0.471959213401311,-0.0196950262432097,0.1889763779527559,0.03531464941997742,0.060606060606060615,0.1461187214611872
0,85,44.615384615384606,37.66666666666666,64.54849498327759,0.0,2.889249975881116e-13,19.936401604254435,100.0,0.30425437253405463,55.17094935762693,4.643380112813311e-14,4.643380112813311e-14,42.966472303207,0.04211920529801325,0.2781456953642384,2.678773712128023,1.6890066225165563,0.471959213401311,-0.0196950262432097,0.1889763779527559,0.03531464941997742,0.060606060606060615,0.1461187214611872
0,86,51.92307692307693,19.666666666666668,73.94636015325668,2.334332825560389,2.883608018575621e-13,9.091035318422751,59.09090909090909,11.678330300996608,35.68135610998057,3.524599267593984e-14,3.524599267593984e-14,41.58163265306123,0.04211920529801325,0.2781456953642384,2.678773712128023,1.6890066225165563,0.471959213401311,-0.0196950262432097,0.1889763779527559,0.03531464941997742,0.060606060606060615,0.1461187214611872
0,87,38.8663967611336,26.75,77.8225806451613,36.30722279441007,2.1686499063289951e-13,13.827639106043325,30.994152046783622,8.798779574397349,40.71201273100046,7.92233798819935e-14,7.92233798819935e-14,29.73760932944607,0.04211920529801325,0.2781456953642384,2.678773712128023,1.6890066225165563,0.471959213401311,-0.0196950262432097,0.1889763779527559,0.03531464941997742,0.060606060606060615,0.1461187214611872
0,88,64.83516483516482,27.099999999999994,68.92857142857143,2.174174991837476,2.8710286293411987e-13,12.914765209361475,76.19047619047619,6.762756594389613,41.596925395000355,2.6360492430122345e-14,2.6360492430122345e-14,42.27405247813411,0.04211920529801325,0.2781456953642384,2.678773712128023,1.6890066225165563,0.471959213401311,-0.0196950262432097,0.1889763779527559,0.03531464941997742,0.060606060606060615,0.1461187214611872
0,89,3.8461538461538463,16.666666666666668,1.7843934911242605,0.0,2.9214362767951914e-13,7.407407407407399,0.0,0.0006899699528104017,38.822984255964094,5.3726457836946643e-14,5.3726457836946643e-14,32.106413994169095,0.04211920529801325,0.2781456953642384,2.678773712128023,1.6890066225165563,0.471959213401311,-0.0196950262432097,0.1889763779527559,0.03531464941997742,0.060606060606060615,0.1461187214611872
0,90,50.32051282051282,14.55,77.19999999999997,11.325853476777839,2.90384958739796e-13,6.6679583312146375,48.48484848484848,7.554271172890407,29.32260148613121,5.0558383572357735e-14,5.0558383572357735e-14,41.18075801749272,0.04211920529801325,0.2781456953642384,2.678773712128023,1.6890066225165563,0.471959213401311,-0.0196950262432097,0.1889763779527559,0.03531464941997742,0.060606060606060615,0.1461187214611872
0,91,42.60355029585799,64.36666666666667,72.55639097744358,9.57487221075271,3.8022029712123835e-14,34.775464677663486,51.28205128205128,5.898219958600057,82.7391715386149,1.2660751925645545e-13,1.2660751925645545e-13,41.47230320699708,0.04211920529801325,0.2781456953642384,2.678773712128023,1.6890066225165563,0.471959213401311,-0.0196950262432097,0.1889763779527559,0.03531464941997742,0.060606060606060615,0.1461187214611872
0,92,0.0,0.0,0.0,0.0,2.9228867161306753e-13,0.0,0.0,1.5515607198685362e-18,9.144245307097445e-15,5.3726457836946643e-14,5.3726457836946643e-14,32.06997084548105,0.04211920529801325,0.2781456953642384,2.678773712128023,1.6890066225165563,0.471959213401311,-0.0196950262432097,0.1889763779527559,0.03531464941997742,0.060606060606060615,0.1461187214611872
0,93,58.46153846153846,13.183333333333335,73.1060606060606,0.0,2.921110345081961e-13,6.710971142458992,100.0,1.149531986342421,19.512287242896647,4.9379635071532546e-14,4.9379635071532546e-14,41.690962099125365,0.04211920529801325,0.2781456953642384,2.678773712128023,1.6890066225165563,0.471959213401311,-0.0196950262432097,0.1889763779527559,0.03531464941997742,0.060606060606060615,0.1461187214611872
0,94,54.700854700854705,23.8,70.43795620437955,0.0,2.872936070069081e-13,12.043873074239734,100.0,7.5776948957384285,32.741714877321584,6.617566810931282e-14,6.617566810931282e-14,42.05539358600583,0.04211920529801325,0.2781456953642384,2.678773712128023,1.6890066225165563,0.471959213401311,-0.0196950262432097,0.1889763779527559,0.03531464941997742,0.060606060606060615,0.1461187214611872
0,95,100.0,10.45,65.42372881355932,0.0,2.9192706965243216e-13,5.0574595620171845,100.0,1.029969797620356,18.272680384860536,4.40913084803162e-14,4.40913084803162e-14,42.82069970845481,0.04211920529801325,0.2781456953642384,2.678773712128023,1.6890066225165563,0.471959213401311,-0.0196950262432097,0.1889763779527559,0.03531464941997742,0.060606060606060615,0.1461187214611872
0,96,0.0,0.0,0.0,0.0,2.9178846114188377e-13,0.0,0.0,2.3978665670695558e-18,9.144245307097445e-15,5.3726457836946643e-14,5.3726457836946643e-14,32.06997084548105,0.04211920529801325,0.2781456953642384,2.678773712128023,1.6890066225165563,0.471959213401311,-0.0196950262432097,0.1889763779527559,0.03531464941997742,0.060606060606060615,0.1461187214611872
0,97,38.46153846153846,16.900000000000002,55.45977011494252,0.0,2.9034802089983927e-13,8.320344259596743,100.0,0.22195712818444654,25.284414444796486,4.087242105882383e-14,4.087242105882383e-14,44.75218658892128,0.04211920529801325,0.2781456953642384,2.678773712128023,1.6890066225165563,0.471959213401311,-0.0196950262432097,0.1889763779527559,0.03531464941997742,0.060606060606060615,0.1461187214611872
0,98,45.384615384615394,8.3,61.26984126984127,0.0,2.923297394963765e-13,3.741611358512978,100.0,0.5553867512419797,17.87497362129477,5.3162822809042726e-14,5.3162822809042726e-14,43.549562682215736,0.04211920529801325,0.2781456953642384,2.678773712128023,1.6890066225165563,0.471959213401311,-0.0196950262432097,0.1889763779527559,0.03531464941997742,0.060606060606060615,0.1461187214611872
0,99,0.0,0.0,0.0,0.0,2.922536119373025e-13,0.0,0.0,1.2694587708015298e-18,9.144245307097445e-15,5.3726457836946643e-14,5.3726457836946643e-14,32.06997084548105,0.04211920529801325,0.2781456953642384,2.678773712128023,1.6890066225165563,0.471959213401311,-0.0196950262432097,0.1889763779527559,0.03531464941997742,0.060606060606060615,0.1461187214611872
0,100,75.48076923076924,24.266666666666666,81.77966101694916,4.7786790396192105,2.8195023575299844e-13,11.5973535774246,67.85714285714286,8.675964209200007,40.40911740494865,8.80703065834702e-14,8.80703065834702e-14,40.670553935860056,0.04211920529801325,0.2781456953642384,2.678773712128023,1.6890066225165563,0.471959213401311,-0.0196950262432097,0.1889763779527559,0.03531464941997742,0.060606060606060615,0.1461187214611872
0,101,0.0,0.0,0.0,0.0,2.933584344004783e-13,0.0,0.0,8.463058472010198e-19,9.144245307097445e-15,5.3726457836946643e-14,5.3726457836946643e-14,32.06997084548105,0.04211920529801325,0.2781456953642384,2.678773712128023,1.6890066225165563,0.471959213401311,-0.0196950262432097,0.1889763779527559,0.03531464941997742,0.060606060606060615,0.1461187214611872
0,102,0.0,0.0,0.0,0.0,2.9157020162215707e-13,0.0,0.0,1.1284077962680263e-18,9.144245307097445e-15,5.3726457836946643e-14,5.3726457836946643e-14,32.06997084548105,0.04211920529801325,0.2781456953642384,2.678773712128023,1.6890066225165563,0.471959213401311,-0.0196950262432097,0.1889763779527559,0.03531464941997742,0.060606060606060615,0.1461187214611872
0,103,63.67521367521368,17.766666666666666,71.48148148148148,0.0,2.8356788818707696e-13,8.916861639536629,100.0,13.105984553677681,26.31501021933664,2.391096529189222e-14,2.391096529189222e-14,41.90962099125365,0.04211920529801325,0.2781456953642384,2.678773712128023,1.6890066225165563,0.471959213401311,-0.0196950262432097,0.1889763779527559,0.03531464941997742,0.060606060606060615,0.1461187214611872
0,104,29.80769230769231,10.15,54.21348314606741,0.0,2.9285328924993586e-13,4.6877866544883435,100.0,0.060191359746385176,20.635606649994738,5.418923707430688e-14,5.418923707430688e-14,45.04373177842565,0.04211920529801325,0.2781456953642384,2.678773712128023,1.6890066225165563,0.471959213401311,-0.0196950262432097,0.1889763779527559,0.03531464941997742,0.060606060606060615,0.1461187214611872
0,105,23.07692307692308,100.0,10.70636094674556,0.0,100.0,100.0,100.0,0.07235097933383218,38.822984255963924,100.0,100.0,32.28862973760933,0.04211920529801325,0.2781456953642384,2.678773712128023,1.6890066225165563,0.471959213401311,-0.0196950262432097,0.1889763779527559,0.03531464941997742,0.060606060606060615,0.1461187214611872
0,106,62.5,26.2,71.21771217712177,0.4854097538754294,2.880176977992594e-13,12.689259176285882,89.2857142857143,7.482670796214506,45.00530066962446,2.80412000337112e-14,2.80412000337112e-14,41.94606413994169,0.04211920529801325,0.2781456953642384,2.678773712128023,1.6890066225165563,0.471959213401311,-0.0196950262432097,0.1889763779527559,0.03531464941997742,0.060606060606060615,0.1461187214611872
0,107,57.435897435897424,31.55,77.8225806451613,3.4333865793791465,2.831877746658547e-13,16.699319916376872,55.23809523809525,28.63926534381515,47.16338387255043,9.62759409586963e-15,9.62759409586963e-15,41.10787172011661,0.04211920529801325,0.2781456953642384,2.678773712128023,1.6890066225165563,0.471959213401311,-0.0196950262432097,0.1889763779527559,0.03531464941997742,0.060606060606060615,0.1461187214611872
0,108,44.87179487179486,6.183333333333334,57.95795795795795,0.0,2.917008328161133e-13,3.1470689846429925,100.0,0.0778872637538441,11.313987942336812,5.196787414289165e-14,5.196787414289165e-14,44.205539358600575,0.04211920529801325,0.2781456953642384,2.678773712128023,1.6890066225165563,0.471959213401311,-0.0196950262432097,0.1889763779527559,0.03531464941997742,0.060606060606060615,0.1461187214611872
0,109,0.0,0.0,0.0,0.0,2.923797558008725e-13,0.0,0.0,7.052548726675165e-19,9.144245307097445e-15,5.3726457836946643e-14,5.3726457836946643e-14,32.06997084548105,0.04211920529801325,0.2781456953642384,2.678773712128023,1.6890066225165563,0.471959213401311,-0.0196950262432097,0.1889763779527559,0.03531464941997742,0.060606060606060615,0.1461187214611872
0,110,61.53846153846154,7.333333333333332,66.55172413793102,0.0,2.9139582131791336e-13,3.3738754975922887,100.0,6.070333912617547,13.341973554008453,4.837224128477726e-14,4.837224128477726e-14,42.63848396501458,0.04211920529801325,0.2781456953642384,2.678773712128023,1.6890066225165563,0.471959213401311,-0.0196950262432097,0.1889763779527559,0.03531464941997742,0.060606060606060615,0.1461187214611872
0,111,18.26923076923077,43.15000000000001,48.737373737373744,0.0,2.8400291777884025e-13,23.488531268974448,100.0,0.015400571807641704,42.33522921614125,5.802724428381405e-14,5.802724428381405e-14,46.50145772594753,0.04211920529801325,0.2781456953642384,2.678773712128023,1.6890066225165563,0.471959213401311,-0.0196950262432097,0.1889763779527559,0.03531464941997742,0.060606060606060615,0.1461187214611872
2,112,41.634615384615394,65.36666666666665,100.0,96.10461631527546,2.7186231218264223e-13,32.74116205320085,18.974358974358974,100.0,100.0,5.0611656631879305e-14,5.0611656631879305e-14,21.79300291545189,0.04211920529801325,0.2781456953642384,2.678773712128023,1.6890066225165563,0.471959213401311,-0.0196950262432097,0.1889763779527559,0.03531464941997742,0.060606060606060615,0.1461187214611872
0,113,50.295857988165686,38.9,78.45528455284554,16.00277187769009,2.911704137392284e-13,19.2318198030022,38.46153846153847,12.732073015188384,58.431642567839184,1.4040183494632953e-14,1.4040183494632953e-14,37.791545189504376,0.04211920529801325,0.2781456953642384,2.678773712128023,1.6890066225165563,0.471959213401311,-0.0196950262432097,0.1889763779527559,0.03531464941997742,0.060606060606060615,0.1461187214611872
0,114,54.94505494505495,29.51666666666667,73.1060606060606,3.0347227787159783,2.908197371380886e-13,15.142210113978104,71.42857142857143,3.4279065462734715,42.56068196616693,1.093887849919402e-13,1.093887849919402e-13,41.690962099125365,0.04211920529801325,0.2781456953642384,2.678773712128023,1.6890066225165563,0.471959213401311,-0.0196950262432097,0.1889763779527559,0.03531464941997742,0.060606060606060615,0.1461187214611872
0,115,75.0,16.333333333333332,68.6832740213523,0.0,2.9006544714577073e-13,8.26969666059813,100.0,6.590493074893397,24.49680433628334,4.341876828410958e-14,4.341876828410958e-14,42.31049562682216,0.04211920529801325,0.2781456953642384,2.678773712128023,1.6890066225165563,0.471959213401311,-0.0196950262432097,0.1889763779527559,0.03531464941997742,0.060606060606060615,0.1461187214611872
1,116,0.0,0.0,0.0,0.0,2.9194802388008515e-13,0.0,0.0,1.410509745335033e-19,9.715760638791031e-15,5.3726457836946643e-14,5.3726457836946643e-14,32.06997084548105,0.04211920529801325,0.2781456953642384,2.678773712128023,1.6890066225165563,0.471959213401311,-0.0196950262432097,0.1889763779527559,0.03531464941997742,0.060606060606060615,0.1461187214611872
0,117,69.23076923076923,8.483333333333333,65.20270270270271,0.0,2.904991852813516e-13,4.089908612400353,100.0,0.40128744069678257,13.33136094769995,4.9615264158811226e-14,4.9615264158811226e-14,42.857142857142854,0.04211920529801325,0.2781456953642384,2.678773712128023,1.6890066225165563,0.471959213401311,-0.0196950262432097,0.1889763779527559,0.03531464941997742,0.060606060606060615,0.1461187214611872
0,118,34.93589743589744,61.08333333333332,76.58730158730158,24.76506918033158,2.8911151052709e-13,31.200097061380237,28.78787878787879,1.4422112180291191,89.9337904814617,2.6752537730775055e-14,2.6752537730775055e-14,32.90816326530612,0.04211920529801325,0.2781456953642384,2.678773712128023,1.6890066225165563,0.471959213401311,-0.0196950262432097,0.1889763779527559,0.03531464941997742,0.060606060606060615,0.1461187214611872
0,119,0.0,0.0,0.0,0.0,2.9244091977413713e-13,0.0,0.0,1.5515607198685362e-18,9.144245307097445e-15,5.3726457836946643e-14,5.3726457836946643e-14,32.06997084548105,0.04211920529801325,0.2781456953642384,2.678773712128023,1.6890066225165563,0.471959213401311,-0.0196950262432097,0.1889763779527559,0.03531464941997742,0.060606060606060615,0.1461187214611872
0,120,0.0,0.0,0.0,0.0,2.9210542554478127e-13,0.0,0.0,2.821019490670066e-19,9.144245307097445e-15,5.3726457836946643e-14,5.3726457836946643e-14,32.06997084548105,0.04211920529801325,0.2781456953642384,2.678773712128023,1.6890066225165563,0.471959213401311,-0.0196950262432097,0.1889763779527559,0.03531464941997742,0.060606060606060615,0.1461187214611872
0,121,0.0,0.0,0.0,0.0,2.926176414191759e-13,0.0,0.0,1.833662668935543e-18,9.144245307097445e-15,5.3726457836946643e-14,5.3726457836946643e-14,32.06997084548105,0.04211920529801325,0.2781456953642384,2.678773712128023,1.6890066225165563,0.471959213401311,-0.0196950262432097,0.1889763779527559,0.03531464941997742,0.060606060606060615,0.1461187214611872
0,122,38.46153846153846,50.65000000000001,84.27947598253273,20.382923058050128,2.788422492803865e-13,28.54323141072962,30.14705882352941,5.286156700845083,63.88804045430642,3.112430240905255e-14,3.112430240905255e-14,37.35422740524781,0.04211920529801325,0.2781456953642384,2.678773712128023,1.6890066225165563,0.471959213401311,-0.0196950262432097,0.1889763779527559,0.03531464941997742,0.060606060606060615,0.1461187214611872
0,123,0.0,0.0,0.0,0.0,2.9230124508978746e-13,0.0,0.0,1.5515607198685362e-18,9.144245307097445e-15,5.3726457836946643e-14,5.3726457836946643e-14,32.06997084548105,0.04211920529801325,0.2781456953642384,2.678773712128023,1.6890066225165563,0.471959213401311,-0.0196950262432097,0.1889763779527559,0.03531464941997742,0.060606060606060615,0.1461187214611872
0,124,58.46153846153846,17.15,73.1060606060606,0.0,2.9040500092336425e-13,9.281944315094826,100.0,1.1495319863424216,23.480199612492736,4.437638740251487e-14,4.437638740251487e-14,41.690962099125365,0.04211920529801325,0.2781456953642384,2.678773712128023,1.6890066225165563,0.471959213401311,-0.0196950262432097,0.1889763779527559,0.03531464941997742,0.060606060606060615,0.1461187214611872
0,125,23.07692307692308,100.0,10.70636094674556,0.0,99.99999999999994,100.0,100.0,0.07235097933383212,38.82298425596394,100.0,100.0,32.28862973760933,0.04211920529801325,0.2781456953642384,2.678773712128023,1.6890066225165563,0.471959213401311,-0.0196950262432097,0.1889763779527559,0.03531464941997742,0.060606060606060615,0.1461187214611872
0,126,58.46153846153846,9.733333333333334,70.43795620437955,3.0850317826112086,2.9247545635956653e-13,4.474434922483724,60.0,1.7648616484655308,20.764556536588703,5.378575571045469e-14,5.378575571045469e-14,42.05539358600583,0.04211920529801325,0.2781456953642384,2.678773712128023,1.6890066225165563,0.471959213401311,-0.0196950262432097,0.1889763779527559,0.03531464941997742,0.060606060606060615,0.1461187214611872
0,127,0.0,0.0,0.0,0.0,2.920700632580136e-13,0.0,0.0,2.3978665670695558e-18,9.144245307097445e-15,5.3726457836946643e-14,5.3726457836946643e-14,32.06997084548105,0.04211920529801325,0.2781456953642384,2.678773712128023,1.6890066225165563,0.471959213401311,-0.0196950262432097,0.1889763779527559,0.03531464941997742,0.060606060606060615,0.1461187214611872
0,128,54.700854700854705,22.700000000000006,70.43795620437955,0.0,2.866617341341876e-13,11.546932239390225,100.0,7.577694895738432,31.484478051476323,6.346571760242805e-14,6.346571760242805e-14,42.05539358600583,0.04211920529801325,0.2781456953642384,2.678773712128023,1.6890066225165563,0.471959213401311,-0.0196950262432097,0.1889763779527559,0.03531464941997742,0.060606060606060615,0.1461187214611872
0,129,38.942307692307686,69.7,85.77777777777777,50.50103878065988,2.8057404744269207e-13,38.88754810797799,28.33333333333333,4.765495266433904,84.08184384854349,5.3952151311469035e-14,5.3952151311469035e-14,17.456268221574344,0.04211920529801325,0.2781456953642384,2.678773712128023,1.6890066225165563,0.471959213401311,-0.0196950262432097,0.1889763779527559,0.03531464941997742,0.060606060606060615,0.1461187214611872
0,130,3.8461538461538463,12.733333333333333,1.7843934911242605,0.0,2.95230658676844e-13,5.5146528078533255,0.0,0.0006899699528103995,38.822984255963725,5.3726457836946643e-14,5.3726457836946643e-14,32.106413994169095,0.04211920529801325,0.2781456953642384,2.678773712128023,1.6890066225165563,0.471959213401311,-0.0196950262432097,0.1889763779527559,0.03531464941997742,0.060606060606060615,0.1461187214611872
0,131,51.748251748251754,42.74999999999999,83.54978354978357,12.300415594618983,2.9453377523726454e-13,21.00923584446001,45.45454545454545,5.368478762046551,62.48004543498412,1.3978065371714544e-13,1.3978065371714544e-13,40.48833819241983,0.04211920529801325,0.2781456953642384,2.678773712128023,1.6890066225165563,0.471959213401311,-0.0196950262432097,0.1889763779527559,0.03531464941997742,0.060606060606060615,0.1461187214611872
0,132,23.07692307692308,100.0,10.70636094674556,0.0,99.99999999999993,100.0,100.0,0.07235097933383212,38.82298425596394,100.0,100.0,32.28862973760933,0.04211920529801325,0.2781456953642384,2.678773712128023,1.6890066225165563,0.471959213401311,-0.0196950262432097,0.1889763779527559,0.03531464941997742,0.060606060606060615,0.1461187214611872
0,133,31.73076923076923,6.666666666666668,58.30815709969789,0.0,2.9285324389750145e-13,3.3813144830414132,100.0,0.3071542814706134,9.473548818331137,6.750830136075532e-14,6.750830136075532e-14,44.13265306122449,0.04211920529801325,0.2781456953642384,2.678773712128023,1.6890066225165563,0.471959213401311,-0.0196950262432097,0.1889763779527559,0.03531464941997742,0.060606060606060615,0.1461187214611872
0,134,0.0,0.0,0.0,0.0,2.9143884029456513e-13,0.0,0.0,2.1157646180025496e-18,9.144245307097445e-15,5.3726457836946643e-14,5.3726457836946643e-14,32.06997084548105,0.04211920529801325,0.2781456953642384,2.678773712128023,1.6890066225165563,0.471959213401311,-0.0196950262432097,0.1889763779527559,0.03531464941997742,0.060606060606060615,0.1461187214611872
0,135,50.384615384615394,43.83333333333334,70.69597069597069,0.3866441693450605,2.902030875263399e-13,21.608616216158577,84.44444444444444,7.998085486300599,61.617204751410036,5.86906287467568e-14,5.86906287467568e-14,42.01895043731777,0.04211920529801325,0.2781456953642384,2.678773712128023,1.6890066225165563,0.471959213401311,-0.0196950262432097,0.1889763779527559,0.03531464941997742,0.060606060606060615,0.1461187214611872
0,136,0.0,0.0,0.0,0.0,2.920076166400452e-13,0.0,0.0,2.1157646180025496e-18,9.144245307097445e-15,5.3726457836946643e-14,5.3726457836946643e-14,32.06997084548105,0.04211920529801325,0.2781456953642384,2.678773712128023,1.6890066225165563,0.471959213401311,-0.0196950262432097,0.1889763779527559,0.03531464941997742,0.060606060606060615,0.1461187214611872
0,137,0.0,0.0,0.0,0.0,2.922451999034633e-13,0.0,0.0,2.1157646180025496e-18,9.144245307097445e-15,5.3726457836946643e-14,5.3726457836946643e-14,32.06997084548105,0.04211920529801325,0.2781456953642384,2.678773712128023,1.6890066225165563,0.471959213401311,-0.0196950262432097,0.1889763779527559,0.03531464941997742,0.060606060606060615,0.1461187214611872
0,138,39.1025641025641,4.533333333333333,61.85897435897435,0.0,2.9076131204400883e-13,2.0139108881943883,100.0,0.3893396240816867,10.334747855889939,5.578189857533587e-14,5.578189857533587e-14,43.440233236151606,0.04211920529801325,0.2781456953642384,2.678773712128023,1.6890066225165563,0.471959213401311,-0.0196950262432097,0.1889763779527559,0.03531464941997742,0.060606060606060615,0.1461187214611872
0,139,0.0,0.0,0.0,0.0,2.9165568066159006e-13,0.0,0.0,5.642038981340132e-19,9.144245307097445e-15,5.3726457836946643e-14,5.3726457836946643e-14,32.06997084548105,0.04211920529801325,0.2781456953642384,2.678773712128023,1.6890066225165563,0.471959213401311,-0.0196950262432097,0.1889763779527559,0.03531464941997742,0.060606060606060615,0.1461187214611872
1,140,54.19580419580421,54.21666666666667,87.7272727272727,37.044724571637055,8.521342579750204e-14,29.981285354624678,35.497835497835496,41.38847277412921,69.3865496093835,6.225961492093383e-14,6.225961492093383e-14,32.21574344023323,0.04211920529801325,0.2781456953642384,2.678773712128023,1.6890066225165563,0.471959213401311,-0.0196950262432097,0.1889763779527559,0.03531464941997742,0.060606060606060615,0.1461187214611872
1,141,37.087912087912095,36.50000000000001,76.89243027888445,18.92311246682374,2.8804596754346884e-13,18.784283706367432,38.46153846153847,2.162740373395489,56.29781309106549,7.530914923612185e-14,7.530914923612185e-14,38.41107871720117,0.04211920529801325,0.2781456953642384,2.678773712128023,1.6890066225165563,0.471959213401311,-0.0196950262432097,0.1889763779527559,0.03531464941997742,0.060606060606060615,0.1461187214611872
0,142,18.26923076923077,47.3,48.737373737373744,0.0,2.886386045494477e-13,25.983239843922895,100.0,0.015400571807641697,45.553035543647496,5.540473069621542e-16,5.540473069621542e-16,46.50145772594753,0.04211920529801325,0.2781456953642384,2.678773712128023,1.6890066225165563,0.471959213401311,-0.0196950262432097,0.1889763779527559,0.03531464941997742,0.060606060606060615,0.1461187214611872
0,143,53.07692307692307,6.483333333333333,68.6832740213523,0.0,2.9187358144969903e-13,3.4955902015075,100.0,0.7087150695149506,8.971474189439535,5.6351897662710245e-14,5.6351897662710245e-14,42.31049562682216,0.04211920529801325,0.2781456953642384,2.678773712128023,1.6890066225165563,0.471959213401311,-0.0196950262432097,0.1889763779527559,0.03531464941997742,0.060606060606060615,0.1461187214611872
0,144,44.615384615384606,12.433333333333332,64.54849498327759,0.0,2.9134370870504784e-13,6.6464322176657005,100.0,0.30425437253405463,17.79317093802377,5.825210150873222e-14,5.825210150873222e-14,42.966472303207,0.04211920529801325,0.2781456953642384,2.678773712128023,1.6890066225165563,0.471959213401311,-0.0196950262432097,0.1889763779527559,0.03531464941997742,0.060606060606060615,0.1461187214611872
0,145,0.0,0.0,0.0,0.0,2.921636883592034e-13,0.0,0.0,1.833662668935543e-18,9.144245307097445e-15,5.3726457836946643e-14,5.3726457836946643e-14,32.06997084548105,0.04211920529801325,0.2781456953642384,2.678773712128023,1.6890066225165563,0.471959213401311,-0.0196950262432097,0.1889763779527559,0.03531464941997742,0.060606060606060615,0.1461187214611872
0,146,39.1025641025641,7.75,61.85897435897435,0.0,2.904043795675177e-13,3.46129691997977,100.0,0.3893396240816869,17.74782759594233,5.670387660771736e-14,5.670387660771736e-14,43.440233236151606,0.04211920529801325,0.2781456953642384,2.678773712128023,1.6890066225165563,0.471959213401311,-0.0196950262432097,0.1889763779527559,0.03531464941997742,0.060606060606060615,0.1461187214611872
1,147,30.76923076923077,26.15,75.390625,35.13005400258153,2.895200225074553e-13,12.009566010368815,28.2051282051282,1.181458501513969,53.46608351400487,5.2771178563836566e-14,5.2771178563836566e-14,30.21137026239067,0.04211920529801325,0.2781456953642384,2.678773712128023,1.6890066225165563,0.471959213401311,-0.0196950262432097,0.1889763779527559,0.03531464941997742,0.060606060606060615,0.1461187214611872
0,148,50.384615384615394,23.266666666666666,70.69597069597069,0.3866441693450605,2.858494797373219e-13,11.80530327047826,84.44444444444444,7.998085486300599,32.2982044462345,6.744301863729402e-14,6.744301863729402e-14,42.01895043731777,0.04211920529801325,0.2781456953642384,2.678773712128023,1.6890066225165563,0.471959213401311,-0.0196950262432097,0.1889763779527559,0.03531464941997742,0.060606060606060615,0.1461187214611872
0,149,0.0,0.0,0.0,0.0,2.92692251325682e-13,0.0,0.0,2.9620704652035685e-18,9.715760638791031e-15,5.3726457836946643e-14,5.3726457836946643e-14,32.06997084548105,0.04211920529801325,0.2781456953642384,2.678773712128023,1.6890066225165563,0.471959213401311,-0.0196950262432097,0.1889763779527559,0.03531464941997742,0.060606060606060615,0.1461187214611872
1,150,55.384615384615394,29.95,86.16071428571428,14.671945542456651,2.8972814577436436e-13,14.212834134763105,38.095238095238095,19.516539144126337,51.635968163079426,5.50442173426085e-14,5.50442173426085e-14,38.88483965014577,0.04211920529801325,0.2781456953642384,2.678773712128023,1.6890066225165563,0.471959213401311,-0.0196950262432097,0.1889763779527559,0.03531464941997742,0.060606060606060615,0.1461187214611872
0,151,23.07692307692308,100.0,10.70636094674556,0.0,99.99999999999996,99.99999999999996,100.0,0.07235097933383212,38.822984255963924,99.99999999999996,99.99999999999996,32.28862973760933,0.04211920529801325,0.2781456953642384,2.678773712128023,1.6890066225165563,0.471959213401311,-0.0196950262432097,0.1889763779527559,0.03531464941997742,0.060606060606060615,0.1461187214611872
